plot,genus,species,a4,a2,a-cover,a-alpha,b4,b2,b-cover,b-alpha,c4,c2,c-cover,c-alpha,d4,d2,d-cover,d-alpha
1,Unknown,dicot,4,3,4,1,4,4,5,1,,4,3,1,3,4,2,1
1,Arisaema,triphyllum,4,,2,1,,,,0,,2,1,1,,,,0
1,Geum,sp.,3,,4,1,2,2,4,1,2,3,4,1,3,2,4,1
1,TARAXACUM,OFFICINALE,3,,2,1,,,,0,,,,0,,,,0
1,ALLIARIA,PETIOLATA,3,3,3,1,,3,4,1,4,4,3,1,3,4,6,1
1,Moss,sp.,3,4,2,1,,4,2,1,,4,2,1,3,,2,1
1,LONICERA,MORROWII,3,4,4,1,2,3,3,1,2,4,3,1,2,2,3,1
1,Cardamine,douglassii,2,2,4,1,2,,2,1,,3,3,1,2,2,3,1
1,Galium,sp.,2,3,2,1,,,,0,4,,2,1,1,4,2,1
1,ROSA,MULTIFLORA,2,2,5,1,4,,6,1,2,,4,1,3,4,5,1
1,Ribes,sp.,,2,2,1,1,,2,1,,,,0,,,,0
1,Viola,pubescens,,2,5,1,2,4,4,1,4,,5,1,3,4,5,1
1,Sanicula,sp.,,2,1,1,,,,0,,,,0,,,,0
1,Unknown,monocot,,2,5,1,1,,4,1,3,2,5,1,4,3,2,1
1,Osmorhiza,claytonii,,2,2,1,,,,0,,,,0,1,,2,1
1,Claytonia,virginica,1,,2,1,1,,2,1,,,,0,,,,0
1,Sambucus,canadensis,1,,2,1,2,,3,1,,,,0,2,2,2,1
1,Cardamine,rhomboidea,1,,2,1,,,,0,,,,0,,2,2,1
1,GLECHOMA,HEDERACEA,1,,2,1,,2,2,1,,,,0,,2,2,1
1,Lamiaceae,spp.,,,,0,2,4,3,1,3,,3,1,3,2,3,1
1,Rubus,occidentalis,,,,0,,2,3,1,,,,0,,,,0
1,Sanguinaria,canadensis,,,,0,1,,1,1,,,,0,,,,0
1,MORUS,ALBA,,,,0,1,,1,1,,,,0,,,,0
1,Asteraceae,spp.,,,,0,,,,0,2,,2,1,3,,2,1
1,Polygonum,virginianum,,,,0,,,,0,,2,2,1,,2,2,1
1,Ulmus,sp.,,,,0,,,,0,,,,0,4,,2,1
1,Viola,sororia,,,,0,,,,0,,,,0,3,,2,1
1,Podophyllum,peltatum,,,,0,,,,0,,,,0,1,,2,1
1,Euonymus,obovatus,,,,0,,,,0,,,,0,,2,2,1
2,Podophyllum,peltatum,4,,2,1,,,,0,1,,2,1,2,,2,1
2,Cardamine,concatenata,2,,2,1,4,,3,1,,,,0,,,,0
2,Prenanthes,sp.,2,,2,1,2,,2,1,2,3,3,1,,2,2,1
2,Polygonatum,biflorum,2,,2,1,2,,2,1,2,,2,1,1,,2,1
2,Asteraceae,spp.,,2,2,1,1,,2,1,3,2,2,1,1,,2,1
2,Unknown,monocot,1,,2,1,,3,2,1,,4,2,1,,2,2,1
2,Prunus,serotina,1,,2,1,1,,2,1,1,,1,1,,,,0
2,Ulmus,sp.,,,,0,2,,2,1,,,,0,,2,2,1
2,LIGUSTRUM,VULGARE,,,,0,2,,2,1,1,,2,1,,,,0
2,Moss,sp.,,,,0,,3,2,1,1,,2,1,,,,0
2,ALLIARIA,PETIOLATA,,,,0,,2,1,1,,,,0,,,,0
2,Geum,sp.,,,,0,1,,2,1,,,,0,,,,0
2,ROSA,MULTIFLORA,,,,0,1,,2,1,1,,1,1,,,,0
2,Claytonia,virginica,,,,0,,,,0,1,,2,1,,,,0
3,Impatiens,capensis,3,2,3,1,4,3,3,1,,2,3,1,,4,2,1
3,Acer,sp.,2,,2,1,,,,0,2,3,2,1,,,,0
3,Ulmus,sp.,2,,2,1,,2,3,1,1,,2,1,2,,2,1
3,Fraxinus,pennsylvanica,2,,3,1,2,2,3,1,,2,2,1,,2,2,1
3,Asteraceae,spp.,2,,2,1,2,3,4,1,3,,2,1,2,2,2,1
3,Acer,saccharum,,3,2,1,1,,2,1,2,2,2,1,2,2,4,1
3,Prunus,serotina,,3,2,1,3,,2,1,2,,2,1,2,2,2,1
3,Solidago,caesia,,3,4,1,,3,2,1,2,2,3,1,4,2,3,1
3,Fagus,grandifolia,,2,2,1,,,,0,,,,0,,2,2,1
3,TARAXACUM,OFFICINALE,,2,3,1,1,,2,1,,,,0,3,,2,1
3,Ranunculus,abortivus,,2,2,1,,2,2,1,,,,0,,,,0
3,Moss,sp.,,2,2,1,1,,2,1,4,,5,1,4,,3,1
3,Geum,sp.,,2,3,1,,2,3,1,,,,0,2,,2,1
3,Polygonum,virginianum,,2,1,1,1,,2,1,,2,2,1,2,,2,1
3,Erythronium,americanum,,2,5,1,,,,0,,,,0,,4,3,1
3,Unknown,monocot,,2,2,1,,3,3,1,2,2,2,1,,,,0
3,Viburnum,acerifolium,,2,3,1,,,,0,1,,2,1,1,,2,1
3,Quercus,sp.,1,,2,1,,,,0,,,,0,,,,0
3,Polygonatum,pubescens,,,,0,,,,0,,,,0,1,,1,1
3,Maianthemum,racemosum,1,,1,1,1,,1,1,,2,2,1,,,,0
3,Lamiaceae,spp.,,2,2,1,1,,2,1,,,,0,2,,2,1
3,Arisaema,triphyllum,1,,2,1,1,,2,1,,4,2,1,,,,0
3,Tilia,americana,1,,2,1,,,,0,,,,0,,,,0
3,Smilax,rotundifolia,,,,0,4,,2,1,,,,0,,,,0
3,VIBURNUM,OPULUS,,,,0,2,,3,1,,,,0,,,,0
3,RANUNCULUS,REPENS,,,,0,2,2,2,1,1,,2,1,1,,2,1
3,Potentilla,simplex,,,,0,,2,2,1,,,,0,,,,0
3,Rumex,sp.,,,,0,,2,2,1,,,,0,,,,0
3,Podophyllum,peltatum,,,,0,1,,2,1,,,,0,,,,0
3,Viola,sororia,,,,0,1,,2,1,,,,0,,,,0
3,Carex,sp.,,,,0,1,,2,1,2,,2,1,3,,3,1
3,Euonymus,obovatus,,,,0,1,,2,1,,,,0,,,,0
3,Unknown,dicot,,,,0,,,,0,3,,2,1,,,,0
3,Ostrya,virginiana,,,,0,,,,0,2,3,2,1,3,,2,1
3,Hieracium,sp.,,,,0,,,,0,2,,1,1,,,,0
3,Hedyotis,caerulea,,,,0,,,,0,2,,2,1,4,,2,1
3,Prenanthes,sp.,,,,0,,,,0,1,,2,1,,,,0
3,Maianthemum,canadense,,,,0,,,,0,1,,2,1,,,,0
3,Crataegus,sp.,,,,0,,,,0,,,,0,2,,1,1
3,Tsuga,canadensis,,,,0,,,,0,,,,0,,2,2,1
3,Carex,sp.,,,,0,,,,0,,,,0,,4,2,1
3,Plantago,sp.,,,,0,,,,0,,,,0,1,,1,1
3,Lysimachia,ciliata,,,,0,,,,0,,,,0,1,,1,1
3,Sanicula,sp.,,,,0,,,,0,,,,0,1,,1,1
4,Quercus,alba,4,2,3,1,4,2,2,1,,4,3,1,4,2,6,1
4,Moss,sp.,3,,2,1,2,2,3,1,2,,3,1,1,,2,1
4,Podophyllum,peltatum,3,2,5,1,2,,2,1,1,,3,1,,2,5,1
4,Geranium,maculatum,2,,2,1,1,,2,1,2,,3,1,,,,0
4,LONICERA,MORROWII,2,,2,1,2,,2,1,,,,0,,,,0
4,Prunus,serotina,,4,2,1,,3,3,1,2,3,3,1,3,2,4,1
4,Claytonia,virginica,,2,2,1,1,,2,1,2,2,2,1,3,,2,1
4,Arisaema,triphyllum,,2,2,1,1,,2,1,,,,0,,,,0
4,Unknown,monocot,,2,2,1,1,,2,1,1,,2,1,,,,0
4,Fraxinus,pennsylvanica,,2,2,1,1,,2,1,2,2,2,1,1,,2,1
4,Fagus,grandifolia,,2,2,1,2,,2,1,,,,0,,,,0
4,Carpinus,caroliniana,,2,2,1,,2,2,1,,3,3,1,1,,2,1
4,Carya,sp.,1,,1,1,,,,0,,,,0,,2,1,1
4,Acer,saccharum,1,,2,1,,2,2,1,1,,3,1,,,,0
4,Solidago,caesia,1,,2,1,,,,0,,,,0,,,,0
4,Smilax,hispida,1,,2,1,1,,2,1,,,,0,,,,0
4,Carex,pensylvanica,1,,3,1,4,,3,1,2,,2,1,1,,2,1
4,Pinus,strobus,1,,2,1,,,,0,,,,0,,,,0
4,Magnolia,acuminata,,,,0,2,,2,1,1,,1,1,,,,0
4,ROSA,MULTIFLORA,,,,0,2,,2,1,1,,1,1,,,,0
4,Allium,canadense,,,,0,2,,2,1,,,,0,,,,0
4,Allium,tricoccum,,,,0,2,,2,1,3,,2,1,,,,0
4,Circaea,lutetiana,,,,0,,2,2,1,,,,0,,,,0
4,Crataegus,sp.,,,,0,,2,2,1,,2,2,1,,,,0
4,Cardamine,rhomboidea,,,,0,,2,1,1,1,,2,1,,,,0
4,Parthenocissus,quinquefolia,,,,0,,2,2,1,2,,2,1,1,,2,1
4,Vitis,sp.,,,,0,1,,1,1,1,,1,1,2,,2,1
4,EUONYMUS,ALATUS,,,,0,1,,1,1,1,,1,1,,,,0
4,ALLIARIA,PETIOLATA,,,,0,1,,2,1,,,,0,,,,0
4,Ostrya,virginiana,,,,0,,,,0,2,2,3,1,,,,0
4,Polygonatum,pubescens,,,,0,,,,0,2,,1,1,,,,0
4,Cornus,florida,,,,0,,,,0,,2,2,1,1,,2,1
4,Galium,sp.,,,,0,,,,0,1,,2,1,,,,0
4,Ulmus,sp.,,,,0,,,,0,1,,2,1,2,,2,1
4,Viola,sororia,,,,0,,,,0,1,,2,1,,,,0
4,Rubus,allegheniensis,,,,0,,,,0,1,,3,1,,,,0
4,Asteraceae,spp.,,,,0,,,,0,1,,2,1,,,,0
4,LONICERA,MAACKII,,,,0,,,,0,1,,2,1,,,,0
4,Toxicodendron,radicans,,,,0,,,,0,1,,1,1,,,,0
4,Acer,rubrum,,,,0,,,,0,1,,1,1,2,,1,1
4,Anemonella,thalictroides,,,,0,,,,0,,,,0,,2,2,1
4,Prenanthes,sp.,,,,0,,,,0,,,,0,,2,2,1
4,Lindera,benzoin,,,,0,,,,0,,,,0,1,,2,1
4,VERONICA,OFFICINALIS,,,,0,,,,0,,,,0,1,,2,1
5,Allium,tricoccum,4,4,9,1,4,4,9,1,4,4,8,1,4,4,7,1
5,Erythronium,americanum,4,4,7,1,4,4,6,1,3,2,7,1,2,3,6,1
5,Geranium,maculatum,4,,4,1,2,,2,1,,,,0,1,,2,1
5,Acer,saccharum,4,3,3,1,3,3,2,1,4,3,2,1,3,2,2,1
5,Fraxinus,sp.,4,,2,1,3,3,2,1,1,,2,1,1,,2,1
5,Caulophyllum,thalictroides,4,4,8,1,4,3,7,1,4,2,5,1,2,2,3,1
5,Unknown,dicot,4,2,3,1,2,4,3,1,3,,2,1,1,,2,1
5,Lindera,benzoin,3,3,2,1,1,,2,1,1,,2,1,2,,2,1
5,Arisaema,triphyllum,3,,2,1,,2,2,1,1,,2,1,3,2,2,1
5,Cardamine,concatenata,3,4,5,1,4,3,6,1,3,4,6,1,4,4,5,1
5,Trillium,sp.,3,3,6,1,3,3,6,1,4,3,6,1,2,4,5,1
5,Podophyllum,peltatum,3,2,4,1,2,2,3,1,2,,4,1,,2,3,1
5,Trillium,grandiflorum,2,4,6,1,2,2,6,1,3,3,6,1,,2,2,1
5,Prunus,serotina,2,2,2,1,2,,1,1,1,,1,1,,,,0
5,Polygonatum,pubescens,2,2,4,1,1,,2,1,1,,2,1,,2,3,1
5,Euonymus,obovatus,,4,2,1,,,,0,,,,0,,,,0
5,Dicentra,canadensis,,3,4,1,2,3,5,1,3,4,6,1,3,3,6,1
5,Claytonia,virginica,,3,2,1,,2,2,1,2,,3,1,,,,0
5,Fagus,grandifolia,,3,2,1,,2,2,1,,2,2,1,2,,2,1
5,Viola,canadensis,,2,2,1,,,,0,1,,1,1,,,,0
5,Unknown,fern,,2,2,1,,,,0,2,,2,1,1,,2,1
5,Viola,pubescens,,2,2,1,1,,2,1,,,,0,,,,0
5,Hepatica,acutiloba,,2,3,1,1,,2,1,2,2,4,1,1,,2,1
5,Viola,pubescens,,2,2,1,1,,2,1,1,,2,1,,,,0
5,Actaea,alba,,2,2,1,1,,2,1,,,,0,,2,2,1
5,Polystichum,acrostichoides,,2,4,1,1,,3,1,1,,2,1,1,,2,1
5,Moss,sp.,1,,2,1,,,,0,1,,2,1,,4,2,1
5,Cardamine,douglassii,1,,1,1,,,,0,,,,0,,,,0
5,Sambucus,sp.,1,,2,1,,,,0,,,,0,,,,0
5,Asteraceae,spp.,,,,0,,2,1,1,,,,0,,,,0
5,Hydrophyllum,virginianum,,,,0,1,,2,1,2,,3,1,1,,2,1
5,Ulmus,sp.,,,,0,1,,2,1,1,,2,1,,,,0
5,Carex,plantaginea,,,,0,1,,2,1,1,,2,1,1,,2,1
5,Impatiens,capensis,,,,0,1,,2,1,,,,0,1,,2,1
5,Viburnum,acerifolium,,,,0,,,,0,,3,2,1,,,,0
5,Quercus,sp.,,,,0,,,,0,1,,2,1,,,,0
5,Cardamine,diphylla,,,,0,,,,0,1,,2,1,4,3,3,1
5,Tiarella,cordifolia,,,,0,,,,0,1,,2,1,2,,2,1
5,Circaea,lutetiana,,,,0,,,,0,,,,0,4,,2,1
5,Polygonum,virginianum,,,,0,,,,0,,,,0,3,,1,1
5,Cardamine,rhomboidea,,,,0,,,,0,,,,0,,2,2,1
5,Maianthemum,racemosum,,,,0,,,,0,,,,0,1,,2,1
5,Prosartes,lanuginosa,,,,0,,,,0,,,,0,1,,2,1
5,Maianthemum,canadense,,,,0,,,,0,,,,0,1,,1,1
5,Trillium,erectum,1,,2,1,1,,3,1,2,2,2,1,,3,3,1
5,Viola,blanda,,,,0,,,,0,,,,0,1,,2,1
5,Dryopteris,sp.,,,,0,,,,0,,,,0,1,,2,1
6,Betula,alleghaniensis,4,2,5,1,4,,4,1,,,,0,,,,0
6,Parthenocissus,quinquefolia,4,4,4,1,4,3,4,1,,,,0,,,,0
6,Panicum,sp.,4,,3,1,,2,2,1,,,,0,,,,0
6,Monarda,sp.,4,,2,1,1,,4,1,,,,0,,,,0
6,Elymus,sp.,4,2,5,1,3,,3,1,,,,0,,,,0
6,Carex,sp.,4,2,5,1,4,,5,1,,,,0,,,,0
6,Circaea,lutetiana,4,3,4,1,4,2,2,1,,,,0,,,,0
6,Amphicarpaea,bracteata,4,4,3,1,2,,2,1,,,,0,,,,0
6,Toxicodendron,radicans,3,2,3,1,2,2,2,1,,,,0,,,,0
6,TARAXACUM,OFFICINALE,3,,2,1,,2,2,1,,,,0,,,,0
6,Polemonium,reptans,3,3,5,1,,2,5,1,,,,0,,,,0
6,Eupatorium,rugosum,3,3,3,1,,2,3,1,,,,0,,,,0
6,Impatiens,capensis,3,4,3,1,,3,3,1,,,,0,,,,0
6,LYSIMACHIA,NUMMULARIA,3,2,4,1,,2,4,1,,,,0,,,,0
6,Galium,sp.,3,,3,1,4,3,3,1,,,,0,,,,0
6,Unknown,vine,3,4,5,1,2,,2,1,,,,0,,,,0
6,Moss,sp.,3,,2,1,,3,2,1,,,,0,,,,0
6,Allium,canadense,3,2,4,1,3,2,5,1,,,,0,,,,0
6,Viola,striata,3,3,8,1,4,3,7,1,,,,0,,,,0
6,Lysimachia,ciliata,3,2,7,1,,3,3,1,,,,0,,,,0
6,Geum,sp.,3,3,3,1,3,2,3,1,,,,0,,,,0
6,Solidago,gigantea,3,,8,1,1,,4,1,,,,0,,,,0
6,Lamiaceae,spp.,3,2,2,1,,,,0,,,,0,,,,0
6,Asteraceae,spp.,3,,2,1,1,,2,1,,,,0,,,,0
6,Geum,vernum,3,,4,1,,2,4,1,,,,0,,,,0
6,Unknown,monocot,3,,4,1,,,,0,,,,0,,,,0
6,Cryptotaenia,canadensis,3,4,5,1,4,2,4,1,,,,0,,,,0
6,Zizia,aurea,3,3,3,1,2,,4,1,,,,0,,,,0
6,Thalictrum,pubescens,2,3,7,1,4,3,5,1,,,,0,,,,0
6,Vitis,sp.,2,,2,1,,,,0,,,,0,,,,0
6,Carya,cordiformis,2,2,2,1,3,,2,1,,,,0,,,,0
6,Carex,sp.,2,,4,1,,,,0,,,,0,,,,0
6,CELASTRUS,ORBICULATUS,2,,2,1,1,,2,1,,,,0,,,,0
6,Verbesina,alternifolia,2,2,5,1,3,2,5,1,,,,0,,,,0
6,Geranium,maculatum,2,2,2,1,1,,2,1,,,,0,,,,0
6,LONICERA,MORROWII,2,,5,1,2,2,4,1,,,,0,,,,0
6,Ranunculus,hispidus,2,3,5,1,,2,2,1,,,,0,,,,0
6,Fraxinus,americana,2,,4,1,3,2,5,1,,,,0,,,,0
6,ROSA,MULTIFLORA,2,,4,1,,3,5,1,,,,0,,,,0
6,Sanicula,sp.,2,2,2,1,3,2,7,1,,,,0,,,,0
6,Asteraceae,spp.,2,,2,1,1,,2,1,,,,0,,,,0
6,Quercus,sp.,2,,1,1,1,,1,1,,,,0,,,,0
6,URTICA,DIOICA,3,3,2,1,1,,1,1,,,,0,,,,0
6,Solidago,flexicaulis,,4,3,1,3,3,8,1,,,,0,,,,0
6,Polygonatum,biflorum,,3,3,1,1,,2,1,,,,0,,,,0
6,Ribes,sp.,,4,2,1,,2,2,1,,,,0,,,,0
6,Euonymus,obovatus,,4,2,1,3,2,2,1,,,,0,,,,0
6,Galium,aparine,,3,3,1,3,,3,1,,,,0,,,,0
6,Symplocarpus,foetidus,,3,2,1,,4,3,1,,,,0,,,,0
6,Cardamine,concatenata,,3,2,1,1,,2,1,,,,0,,,,0
6,Unknown,monocot,,3,4,1,3,2,3,1,,,,0,,,,0
6,Cornus,sp.,,3,2,1,1,,2,1,,,,0,,,,0
6,Prenanthes,sp.,,3,3,1,2,,6,1,,,,0,,,,0
6,Allium,tricoccum,,3,2,1,1,,3,1,,,,0,,,,0
6,Lamiaceae,spp.,,2,2,1,,,,0,,,,0,,,,0
6,Claytonia,virginica,,2,2,1,4,,2,1,,,,0,,,,0
6,Tilia,americana,,2,2,1,1,,2,1,,,,0,,,,0
6,Maianthemum,racemosum,,2,2,1,1,,2,1,,,,0,,,,0
6,Smilax,hispida,,2,2,1,2,,2,1,,,,0,,,,0
6,Polygonum,virginianum,,2,3,1,2,2,2,1,,,,0,,,,0
6,Asteraceae,spp.,,2,2,1,,3,2,1,,,,0,,,,0
6,Cardamine,diphylla,,2,2,1,1,,2,1,,,,0,,,,0
6,Carex,sp.,,2,6,1,,4,3,1,,,,0,,,,0
6,RANUNCULUS,REPENS,1,,5,1,1,,2,1,,,,0,,,,0
6,LIGUSTRUM,VULGARE,1,,2,1,2,,3,1,,,,0,,,,0
6,Carex,sp.,1,,4,1,,,,0,,,,0,,,,0
6,Ulmus,sp.,1,,2,1,,,,0,,,,0,,,,0
6,Asteraceae,spp.,1,,2,1,1,,3,1,,,,0,,,,0
6,Acer,negundo,1,,2,1,,,,0,,,,0,,,,0
6,Sanguinaria,canadensis,1,,2,1,,,,0,,,,0,,,,0
6,Arisaema,dracontium,1,,2,1,,,,0,,,,0,,,,0
6,Phlox,divaricata,1,,2,1,3,2,4,1,,,,0,,,,0
6,Arisaema,triphyllum,1,,2,1,1,,3,1,,,,0,,,,0
6,Acer,saccharum,1,,1,1,,,,0,,,,0,,,,0
6,Equisetum,sp.,1,,1,1,,,,0,,,,0,,,,0
6,ALLIARIA,PETIOLATA,1,,1,1,,3,2,1,,,,0,,,,0
6,Tussilago,farfara,1,,2,1,,,,0,,,,0,,,,0
6,Viola,sororia,1,,5,1,3,,5,1,,,,0,,,,0
6,Cardamine,douglassii,1,,2,1,,,,0,,,,0,,,,0
6,Senecio,aureus,1,,2,1,3,3,4,1,,,,0,,,,0
6,Rubus,sp.,,,,0,4,2,2,1,,,,0,,,,0
6,Euonymus,atropurpureus,,,,0,,2,3,1,,,,0,,,,0
6,Unknown,dicot,,,,0,,2,1,1,,,,0,,,,0
6,Zizia,aptera,,,,0,1,,2,1,,,,0,,,,0
6,Polystichum,acrostichoides,,,,0,1,,2,1,,,,0,,,,0
6,Podophyllum,peltatum,,,,0,1,,3,1,,,,0,,,,0
6,Unknown,fern,,,,0,1,,2,1,,,,0,,,,0
6,Ostrya,virginiana,,,,0,1,,2,1,,,,0,,,,0
6,Agrimonia,parviflora,,,,0,1,,2,1,,,,0,,,,0
7,Podophyllum,peltatum,3,4,6,1,3,4,6,1,,3,6,1,3,,5,1
7,Carex,laxiculmis,3,,2,1,,,,0,,,,0,2,,2,1
7,Carex,sp.,2,,2,1,1,,2,1,1,,1,1,,,,0
7,Fraxinus,sp.,2,,2,1,,,,0,,2,2,1,1,,2,1
7,Acer,rubrum,2,,2,1,,,,0,,,,0,,,,0
7,Prunus,serotina,4,,2,1,2,2,2,1,3,,1,1,1,,2,1
7,Arisaema,triphyllum,2,,2,1,,4,2,1,3,2,2,1,3,,2,1
7,Moss,sp.,1,,2,1,1,,2,1,1,,2,1,1,,3,1
7,Asteraceae,sp.,1,,2,1,1,,2,1,1,,2,1,2,,2,1
7,Polygonatum,biflorum,,2,1,1,,3,2,1,3,2,2,1,2,,2,1
7,Smilax,rotundifolia,1,,2,1,2,,2,1,,,,0,,,,0
7,Unknown,fern,1,,2,1,1,,2,1,,,,0,1,,3,1
7,Crataegus,sp.,1,,1,1,,,,0,,,,0,,,,0
7,Unknown,monocot,1,,3,1,2,,2,1,3,,1,1,2,2,2,1
7,Maianthemum,racemosum,,,,0,2,,2,1,,,,0,,,,0
7,Viburnum,dentatum,,,,0,,3,2,1,,,,0,1,,2,1
7,Prenanthes,sp.,,,,0,,2,2,1,,,,0,1,,2,1
7,Acer,saccharum,,,,0,1,,1,1,1,,1,1,,,,0
7,BERBERIS,THUNBERGII,,,,0,1,,1,1,1,,2,1,,,,0
7,Mitchella,repens,,,,0,1,,2,1,,,,0,,,,0
7,Viola,sororia,,,,0,,,,0,3,,3,1,2,,2,1
7,Potentilla,simplex,,,,0,,,,0,3,,2,1,4,,2,1
7,Rubus,pensylvanicus,,,,0,,,,0,3,,2,1,,,,0
7,Lindera,benzoin,,,,0,1,,1,1,4,,2,1,,,,0
7,Impatiens,capensis,,,,0,,,,0,3,,2,1,,,,0
7,Cornus,florida,,,,0,,,,0,2,,1,1,,,,0
7,ROSA,MULTIFLORA,,,,0,,,,0,2,,2,1,1,,2,1
7,Euonymus,obovatus,,,,0,,,,0,1,,1,1,,,,0
7,Pyrus,sp.,,,,0,,,,0,1,,1,1,,,,0
7,Uvularia,sessilifolia,,,,0,,,,0,,,,0,1,,1,1
8,Moss,sp.,,2,2,1,1,,2,1,,,,0,1,,2,1
8,Prunus,serotina,2,3,2,1,1,,2,1,2,2,2,1,3,3,2,1
8,Dryopteris,carthusiana,,3,2,1,1,,2,1,1,,2,1,,,,0
8,Fagus,grandifolia,1,,2,1,,,,0,,,,0,,,,0
8,Arisaema,triphyllum,,2,2,1,1,,2,1,,2,2,1,3,,2,1
8,Erythronium,americanum,,2,2,1,,2,2,1,,4,2,1,,3,3,1
8,Acer,saccharum,3,3,2,1,2,3,2,1,,,,0,1,,2,1
8,Polygonatum,pubescens,1,,2,1,,,,0,1,,2,1,3,,2,1
8,Dryopteris,intermedia,1,,1,1,,,,0,,,,0,4,,2,1
8,Polygonatum,biflorum,,,,0,,2,1,1,,,,0,,,,0
8,Parthenocissus,quinquefolia,,,,0,,2,2,1,1,,1,1,,,,0
8,Lindera,benzoin,,,,0,,,,0,,2,1,1,1,,2,1
8,Unknown,dicot,,,,0,,,,0,,2,1,1,,,,0
8,Viola,sp.,,,,0,,,,0,,2,1,1,,,,0
8,RANUNCULUS,FICARIA,,,,0,,,,0,1,,2,1,,,,0
8,Fraxinus,sp.,,,,0,,,,0,1,,1,1,1,,2,1
8,Allium,tricoccum,,,,0,,,,0,1,,2,1,,,,0
8,BERBERIS,THUNBERGII,,,,0,,,,0,1,,2,1,,,,0
8,Unknown,fern,,,,0,,,,0,,,,0,1,,2,1
8,Acer,sp.,,,,0,,,,0,,,,0,,3,1,1
8,Allium,tricoccum,,,,0,,,,0,,,,0,1,,2,1
9,Euonymus,obovatus,4,,2,1,,,,0,,,,0,,,,0
9,Prenanthes,sp.,4,,5,1,2,,2,1,,,,0,,,,0
9,Viola,sororia,4,2,5,1,1,,2,1,2,3,3,1,4,,6,1
9,Ranunculus,hispidus,4,,7,1,4,2,4,1,,,,0,,2,4,1
9,Rubus,pensylvanicus,4,,2,1,1,,2,1,,,,0,,,,0
9,Erythronium,americanum,3,,5,1,4,,4,1,,,,0,4,,5,1
9,Cryptotaenia,canadensis,3,,6,1,2,,2,1,,,,0,4,,6,1
9,Unknown,monocot,3,,4,1,2,,2,1,3,2,5,1,,2,5,1
9,Floerkea,proserpinacoides,3,,3,1,,,,0,,2,2,1,,2,2,1
9,ROSA,MULTIFLORA,3,,4,1,3,2,8,1,3,2,8,1,,4,6,1
9,Moss,sp.,2,,2,1,1,,3,1,3,2,3,1,,2,4,1
9,Galium,aparine,2,,1,1,,,,0,,,,0,1,,2,1
9,Asteraceae,spp.,2,,2,1,2,4,2,1,3,,2,1,,4,4,1
9,Polygonum,virginianum,2,,2,1,2,4,2,1,,2,2,1,1,,2,1
9,ALLIARIA,PETIOLATA,2,,3,1,,,,0,1,,2,1,,,,0
9,Viola,pubescens,2,2,5,1,,,,0,,,,0,1,,2,1
9,Arisaema,triphyllum,2,,2,1,,,,0,2,,1,1,,,,0
9,Acer,saccharum,2,,1,1,,,,0,,2,1,1,,3,2,1
9,Crataegus,sp.,2,,1,1,,,,0,,,,0,,,,0
9,Cardamine,concatenata,2,,1,1,,,,0,,,,0,,,,0
9,Rubus,occidentalis,2,,4,1,4,2,5,1,2,2,5,1,,3,5,1
9,Allium,tricoccum,2,,2,1,,,,0,,,,0,,,,0
9,Allium,canadense,2,,3,1,2,4,4,1,4,,3,1,,3,3,1
9,TARAXACUM,OFFICINALE,,4,3,1,3,,3,1,2,4,4,1,4,4,3,1
9,Unknown,monocot,,4,2,1,4,2,4,1,,4,5,1,4,3,6,1
9,LYSIMACHIA,NUMMULARIA,,4,4,1,4,,4,1,4,3,5,1,4,,4,1
9,Lysimachia,ciliata,,2,5,1,4,,4,1,4,2,4,1,,3,3,1
9,Cardamine,rhomboidea,1,,2,1,3,,3,1,,,,0,,,,0
9,Camassia,scilloides,1,,2,1,,,,0,,,,0,,,,0
9,Geum,sp.,1,,4,1,4,2,4,1,4,3,4,1,,3,4,1
9,Prunus,serotina,1,,2,1,,,,0,1,,2,1,,2,3,1
9,Prunus,virginiana,1,,5,1,,,,0,,2,5,1,,,,0
9,Galium,sp.,1,,2,1,4,,2,1,4,,2,1,,4,2,1
9,Ribes,sp.,1,,2,1,,,,0,,,,0,4,,2,1
9,Ulmus,sp.,1,,2,1,,,,0,,,,0,,3,2,1
9,HESPERIS,MATRONALIS,1,,2,1,,,,0,,,,0,1,,4,1
9,Carex,sp.,1,,2,1,,,,0,1,,2,1,,,,0
9,Polygonatum,pubescens,1,,2,1,,,,0,,,,0,,,,0
9,Thalictrum,pubescens,1,,4,1,1,,3,1,,2,4,1,1,,4,1
9,Acer,negundo,1,,1,1,,2,4,1,,2,2,1,1,,2,1
9,Allium,vineale,1,,3,1,4,2,5,1,,2,3,1,1,,2,1
9,Lindera,benzoin,1,,2,1,1,,2,1,,,,0,,,,0
9,Solidago,gigantea,,,,0,4,,6,1,,2,5,1,,,,0
9,Unknown,dicot,,,,0,1,,2,1,,2,4,1,1,,2,1
9,Impatiens,capensis,,,,0,2,2,2,1,,,,0,,,,0
9,Caulophyllum,thalictroides,,,,0,2,,2,1,,,,0,,,,0
9,Viburnum,dentatum,,,,0,1,,1,1,,2,1,1,1,,1,1
9,Claytonia,virginica,,,,0,,2,2,1,1,,2,1,1,,1,1
9,Sanicula,sp.,,,,0,1,,2,1,,,,0,,2,2,1
9,Agrimonia,parviflora,,,,0,1,,2,1,2,3,2,1,4,,3,1
9,LONICERA,MAACKII,,,,0,,,,0,2,,2,1,,,,0
9,Ranunculus,recurvatus,,,,0,,,,0,,2,2,1,,,,0
9,Cornus,sp.,,,,0,,,,0,1,,2,1,,,,0
9,Cardamine,douglassii,,,,0,,,,0,1,,2,1,,,,0
9,Asarum,canadense,1,,2,1,,,,0,,,,0,1,,4,1
9,Ranunculus,abortivus,,,,0,,,,0,,,,0,1,,1,1
9,LIGUSTRUM,VULGARE,,,,0,,,,0,,,,0,1,,2,1
10,Arisaema,triphyllum,2,,2,1,2,,2,1,2,2,2,1,2,3,2,1
10,LIGUSTRUM,VULGARE,,2,2,1,,,,0,,,,0,,,,0
10,LONICERA,MORROWII,1,,2,1,,,,0,,,,0,,,,0
10,ROSA,MULTIFLORA,1,,2,1,,,,0,1,,2,1,,,,0
10,Acer,saccharum,,,,0,,,,0,,,,0,,2,1,1
11,Acer,saccharum,4,3,2,1,4,2,2,1,4,2,2,1,2,3,2,1
11,Cardamine,concatenata,4,4,2,1,3,4,2,1,4,3,3,1,3,3,2,1
11,Polystichum,acrostichoides,3,,5,1,4,2,5,1,2,2,3,1,2,3,5,1
11,Allium,tricoccum,2,3,5,1,1,,4,1,,3,5,1,3,2,5,1
11,Moss,sp.,2,,3,1,2,3,2,1,1,,2,1,2,,2,1
11,Carex,sp.,2,,3,1,4,2,2,1,,3,2,1,3,2,2,1
11,LONICERA,MAACKII,2,,2,1,,,,0,,,,0,,,,0
11,Parthenocissus,quinquefolia,2,,1,1,,2,1,1,1,,2,1,2,,2,1
11,Prenanthes,sp.,,3,3,1,,2,3,1,4,4,4,1,4,3,3,1
11,Prunus,serotina,,2,2,1,2,,2,1,,3,2,1,2,4,2,1
11,Tiarella,cordifolia,,2,1,1,,,,0,,,,0,,,,0
11,Viola,rostrata,,2,2,1,1,,2,1,,,,0,,2,2,1
11,Claytonia,virginica,1,,2,1,1,,2,1,,,,0,,,,0
11,Geranium,maculatum,,2,2,1,1,,1,1,1,,2,1,,2,2,1
11,Fraxinus,sp.,1,,2,1,3,2,2,1,2,3,2,1,3,3,2,1
11,Ranunculus,recurvatus,1,,2,1,,,,0,,,,0,1,,2,1
11,Carex,pensylvanica,1,,3,1,3,,2,1,,3,2,1,3,,2,1
11,Quercus,sp.,1,,1,1,1,,1,1,,,,0,,,,0
11,Equisetum,sp.,1,,2,1,,,,0,,,,0,,2,1,1
11,Cornus,florida,1,,2,1,1,,2,1,1,,2,1,2,,2,1
11,Carpinus,caroliniana,1,,2,1,,,,0,1,,2,1,2,,2,1
11,Ulmus,sp.,1,,2,1,2,,2,1,,3,2,1,2,2,2,1
11,ALLIARIA,PETIOLATA,1,,1,1,3,3,2,1,1,,2,1,1,,2,1
11,Potentilla,simplex,1,,2,1,,,,0,,,,0,,,,0
11,Geum,sp.,1,,2,1,1,,2,1,,,,0,,,,0
11,Asteraceae,spp.,1,,2,1,,,,0,1,,2,1,2,,2,1
11,Toxicodendron,radicans,1,,1,1,1,,1,1,2,,2,1,3,,1,1
11,Viburnum,acerifolium,1,,2,1,,,,0,,,,0,,,,0
11,Podophyllum,peltatum,1,,2,1,2,2,4,1,1,,2,1,,,,0
11,Erythronium,americanum,1,,2,1,2,,2,1,,,,0,,,,0
11,Unknown,monocot,1,,2,1,1,,2,1,1,,2,1,,,,0
11,Rubus,allegheniensis,1,,1,1,1,,2,1,1,,2,1,,2,2,1
11,Sanguinaria,canadensis,,,,0,3,,2,1,,,,0,,,,0
11,BERBERIS,THUNBERGII,,,,0,2,,3,1,,,,0,1,,2,1
11,Lysimachia,ciliata,,,,0,2,,1,1,1,,1,1,,,,0
11,Galium,sp.,,,,0,1,,2,1,2,,2,1,,2,2,1
11,Thelypteris,noveboracensis,,,,0,2,2,4,1,,3,2,1,,,,0
11,Carex,laxiculmis,,,,0,2,,2,1,,,,0,,,,0
11,RHAMNUS,FRANGULA,,,,0,2,,1,1,,,,0,,,,0
11,Crataegus,sp.,,,,0,,3,2,1,,,,0,,,,0
11,Galium,asprellum,,,,0,,2,2,1,,,,0,,,,0
11,Polygonatum,pubescens,,,,0,1,,2,1,,,,0,,,,0
11,Carya,sp.,,,,0,1,,1,1,,,,0,1,,1,1
11,Circaea,lutetiana,,,,0,1,,2,1,1,,2,1,2,,2,1
11,Polygonum,virginianum,,,,0,1,,2,1,,,,0,,,,0
11,Fagus,grandifolia,,,,0,1,,2,1,,,,0,,,,0
11,Carya,cordiformis,,,,0,,,,0,2,,1,1,,,,0
11,Cardamine,douglassii,,,,0,,,,0,1,,2,1,3,,2,1
11,TARAXACUM,OFFICINALE,,,,0,,,,0,1,,1,1,,,,0
11,Sanicula,sp.,,,,0,,,,0,1,,2,1,4,,2,1
11,Onoclea,sensibilis,,,,0,,,,0,1,,2,1,4,,2,1
11,ROSA,MULTIFLORA,,,,0,,,,0,1,,2,1,1,,2,1
11,Maianthemum,racemosum,,,,0,,,,0,1,,1,1,,,,0
11,Acer,rubrum,,,,0,,,,0,,,,0,3,,1,1
11,RANUNCULUS,REPENS,,,,0,,,,0,,,,0,2,,2,1
11,Carex,sp.,,,,0,,,,0,,,,0,,4,2,1
11,Arisaema,triphyllum,,,,0,,,,0,,,,0,1,,2,1
12,Erythronium,americanum,2,2,2,1,2,4,2,1,2,2,2,1,,2,2,1
12,Arisaema,triphyllum,2,2,2,1,3,2,2,1,2,,2,1,,2,2,1
12,Fagus,grandifolia,2,2,4,1,4,,2,1,2,2,2,1,2,2,4,1
12,Cardamine,concatenata,1,,2,1,2,,2,1,1,,2,1,2,,2,1
12,Prenanthes,sp.,,2,2,1,2,,2,1,1,,2,1,,,,0
12,Moss,sp.,1,,2,1,,,,0,,,,0,2,,2,1
12,Panax,trifolius,,,,0,2,,1,1,,,,0,,,,0
12,Acer,saccharum,,,,0,,,,0,2,,2,1,,,,0
13,Prenanthes,sp.,4,4,6,1,4,4,7,1,4,4,6,1,4,4,6,1
13,Polygonum,virginianum,4,3,2,1,2,4,2,1,1,,2,1,,3,2,1
13,Viola,sp.,4,2,2,1,2,,1,1,3,3,2,1,,,,0
13,Floerkea,proserpinacoides,4,4,2,1,2,4,4,1,3,3,4,1,2,3,4,1
13,Sanicula,sp.,4,3,8,1,4,4,7,1,4,4,7,1,4,4,7,1
13,Aesculus,glabra,3,,2,1,2,,5,1,1,,2,1,3,2,3,1
13,RANUNCULUS,FICARIA,3,2,2,1,,4,3,1,2,,2,1,4,3,4,1
13,Arisaema,triphyllum,2,,2,1,1,,2,1,2,,2,1,,2,2,1
13,Erythronium,americanum,2,2,5,1,4,4,3,1,3,,4,1,4,3,5,1
13,Camassia,scilloides,2,3,6,1,4,,5,1,,3,6,1,4,,6,1
13,Acer,negundo,2,2,2,1,2,3,2,1,2,2,2,1,,2,2,1
13,CIRSIUM,ARVENSE,2,,2,1,,,,0,,,,0,,,,0
13,Cryptotaenia,canadensis,2,,1,1,,,,0,,,,0,2,,2,1
13,Polygonatum,biflorum,2,2,2,1,2,,2,1,2,,2,1,,,,0
13,Galium,aparine,,2,2,1,,2,1,1,2,,2,1,2,,1,1
13,Geum,sp.,,2,2,1,3,,2,1,,3,4,1,2,3,4,1
13,ALLIARIA,PETIOLATA,,2,2,1,2,3,3,1,2,3,4,1,,3,3,1
13,Unknown,dicot,,2,2,1,2,4,2,1,4,3,2,1,1,,2,1
13,Anemonella,thalictroides,,2,2,1,1,,2,1,,3,2,1,,,,0
13,HESPERIS,MATRONALIS,1,,2,1,2,2,2,1,2,3,3,1,,2,3,1
13,Ranunculus,fascicularis,1,,2,1,3,2,4,1,,3,3,1,1,,2,1
13,Allium,tricoccum,1,,3,1,2,2,2,1,1,,2,1,,4,2,1
13,Cardamine,concatenata,1,,2,1,,,,0,2,2,2,1,2,,2,1
13,Lilium,sp.,1,,2,1,,,,0,,,,0,,,,0
13,Prunus,virginiana,1,,2,1,,,,0,1,,2,1,3,3,2,1
13,Toxicodendron,radicans,1,,2,1,1,,2,1,1,,1,1,,,,0
13,ROSA,MULTIFLORA,,,,0,,3,1,1,2,,2,1,1,,2,1
13,Ranunculus,sp.,,,,0,,2,2,1,,3,2,1,4,,2,1
13,Erechtites,hieracifolia,,,,0,,2,2,1,4,,2,1,2,2,2,1
13,Claytonia,virginica,,,,0,1,,2,1,,,,0,,,,0
13,Phytolacca,americana,,,,0,1,,2,1,,,,0,,,,0
13,Allium,canadense,,,,0,1,,2,1,,,,0,,,,0
13,Trillium,sp.,,,,0,1,,1,1,2,,2,1,,,,0
13,Maianthemum,canadense,,,,0,,,,0,3,,2,1,1,,2,1
13,Podophyllum,peltatum,,,,0,,,,0,2,,2,1,,,,0
13,LIGUSTRUM,VULGARE,,,,0,,,,0,1,,2,1,,,,0
13,Ulmus,sp.,,,,0,,,,0,,,,0,2,,2,1
13,Sambucus,sp.,,,,0,,,,0,,,,0,1,,1,1
13,Moss,sp.,,,,0,,,,0,,,,0,1,,2,1
14,Quercus,alba,4,,2,1,,,,0,,,,0,,,,0
14,Toxicodendron,radicans,4,,2,1,1,,2,1,2,,2,1,,2,2,1
14,Acer,rubrum,3,,2,1,,,,0,3,2,2,1,,3,2,1
14,RHAMNUS,FRANGULA,3,,2,1,,,,0,2,,1,1,,2,1,1
14,Crataegus,sp.,2,,2,1,,,,0,1,,2,1,,,,0
14,Moss,sp.,2,,2,1,,2,2,1,3,2,2,1,2,2,2,1
14,Claytonia,virginica,2,,2,1,,,,0,,,,0,,2,2,1
14,Podophyllum,peltatum,,2,5,1,1,,2,1,,,,0,1,,2,1
14,Rubus,hispidus,,2,2,1,,,,0,,,,0,,2,3,1
14,Asteraceae,spp.,,2,2,1,2,,2,1,,,,0,,,,0
14,Smilax,rotundifolia,,2,3,1,1,,3,1,2,2,3,1,2,3,3,1
14,Arisaema,triphyllum,,2,2,1,,,,0,,,,0,,,,0
14,Leersia,virginica,,2,2,1,2,,2,1,,,,0,,,,0
14,Carex,sp.,1,,2,1,,,,0,,,,0,,,,0
14,Unknown,fern,1,,2,1,,,,0,,,,0,,,,0
14,Viola,sp.,1,,1,1,2,,2,1,,,,0,,,,0
14,Prunus,serotina,1,,2,1,,,,0,2,,2,1,1,,2,1
14,Fraxinus,americana,1,,2,1,,2,2,1,2,,2,1,2,3,2,1
14,Mitchella,repens,1,,2,1,,,,0,1,,2,1,1,,2,1
14,Carex,sp.,,,,0,2,2,2,1,2,,2,1,1,,2,1
14,Poa,sp.,,,,0,,2,2,1,,,,0,,,,0
14,Carpinus,caroliniana,,,,0,1,,2,1,,,,0,1,,2,1
14,Carya,sp.,,,,0,1,,2,1,2,,1,1,1,,1,1
14,Apocynaceae,spp.,,,,0,1,,2,1,,,,0,,,,0
14,Carex,sp.,,,,0,1,,2,1,2,,1,1,,,,0
14,Unknown,dicot,,,,0,1,,2,1,,,,0,,,,0
14,Carex,laxiculmis,,,,0,,,,0,2,,2,1,,,,0
14,Parthenocissus,quinquefolia,,,,0,,,,0,1,,2,1,1,,1,1
14,Lindera,benzoin,,,,0,,,,0,,2,2,1,1,,2,1
14,Vitis,sp.,,,,0,,,,0,1,,1,1,1,,1,1
14,Fagus,grandifolia,,,,0,,,,0,1,,2,1,1,,2,1
14,Polygonum,virginianum,,,,0,,,,0,,,,0,1,,1,1
14,Acer,saccharum,,,,0,,,,0,,,,0,1,,2,1
15,Viola,striata,4,4,9,1,4,4,8,1,4,3,6,1,4,3,5,1
15,Lilium,sp.,1,,2,1,,,,0,,2,2,1,3,,2,1
15,Thalictrum,pubescens,4,4,7,1,4,2,5,1,4,4,5,1,4,3,6,1
15,Parthenocissus,quinquefolia,4,,2,1,,,,0,,,,0,,,,0
15,Elymus,sp.,4,,4,1,4,4,5,1,3,3,3,1,,4,3,1
15,Asteraceae,spp.,4,3,3,1,4,4,3,1,3,4,4,1,3,4,4,1
15,Cryptotaenia,canadensis,4,4,6,1,4,3,6,1,4,4,4,1,4,3,4,1
15,Carex,sp.,4,2,4,1,1,,3,1,3,4,3,1,3,3,3,1
15,LYSIMACHIA,NUMMULARIA,4,4,7,1,4,4,5,1,4,4,6,1,4,4,5,1
15,Crataegus,sp.,4,,4,1,4,,4,1,4,4,5,1,4,3,4,1
15,Unknown,dicot,4,4,5,1,4,2,3,1,,2,2,1,2,2,2,1
15,Carex,sp.,3,3,8,1,4,3,5,1,4,3,7,1,2,3,7,1
15,Sanicula,sp.,3,2,6,1,4,4,6,1,4,4,7,1,4,4,5,1
15,Polygonum,virginianum,3,,7,1,4,4,6,1,4,4,5,1,2,4,4,1
15,Lysimachia,ciliata,3,2,7,1,4,4,5,1,3,4,3,1,3,2,4,1
15,Geum,sp.,3,3,2,1,3,2,2,1,1,,2,1,3,,2,1
15,Fraxinus,sp.,3,,2,1,2,3,2,1,2,2,2,1,3,,2,1
15,Galium,aparine,3,3,2,1,1,,4,1,1,,2,1,1,,2,1
15,Claytonia,virginica,3,4,3,1,1,,2,1,4,4,2,1,3,4,3,1
15,Viola,sororia,2,2,4,1,4,4,6,1,4,4,4,1,4,3,5,1
15,Ranunculus,hispidus,2,3,5,1,4,3,6,1,4,3,5,1,3,3,5,1
15,Allium,canadense,2,4,5,1,4,2,3,1,4,4,5,1,3,3,5,1
15,Verbesina,alternifolia,2,4,5,1,4,3,2,1,3,4,3,1,2,,2,1
15,Maianthemum,racemosum,2,,1,1,,,,0,,,,0,,,,0
15,HESPERIS,MATRONALIS,2,3,2,1,,,,0,,2,2,1,2,,2,1
15,Ulmus,sp.,2,,2,1,,2,2,1,2,2,2,1,2,3,2,1
15,Carex,sp.,,4,2,1,1,,3,1,4,4,7,1,4,,5,1
15,Floerkea,proserpinacoides,,4,2,1,2,,4,1,3,4,3,1,4,4,3,1
15,Circaea,lutetiana,,4,2,1,2,,2,1,1,,2,1,1,,2,1
15,Unknown,monocot,,4,2,1,,,,0,4,,2,1,3,,6,1
15,Rubus,occidentalis,,4,3,1,1,,3,1,,,,0,,,,0
15,Arisaema,dracontium,,3,2,1,,,,0,,,,0,,4,1,1
15,Impatiens,capensis,,3,2,1,3,2,5,1,1,,3,1,,2,2,1
15,URTICA,DIOICA,,3,2,1,,3,2,1,3,,2,1,,,,0
15,Agrimonia,parviflora,,2,2,1,2,,2,1,,2,2,1,,2,2,1
15,Cornus,sp.,,2,2,1,,3,2,1,1,,2,1,,3,3,1
15,Carex,sp.,,2,2,1,,,,0,1,,2,1,2,,3,1
15,ROSA,MULTIFLORA,,2,3,1,2,3,4,1,4,2,4,1,2,2,5,1
15,Ranunculus,abortivus,,3,1,1,,,,0,1,,2,1,2,,2,1
15,Monarda,sp.,,2,3,1,,,,0,,,,0,,,,0
15,Smilax,hispida,,2,3,1,2,2,2,1,2,3,2,1,,,,0
15,Lindera,benzoin,1,,2,1,1,,2,1,1,,2,1,4,2,2,1
15,Toxicodendron,radicans,1,,2,1,1,,2,1,3,4,2,1,4,2,5,1
15,Cerastium,sp.,1,,2,1,3,4,6,1,1,,2,1,,2,2,1
15,Cardamine,rhomboidea,1,,2,1,2,,2,1,1,,2,1,1,,2,1
15,Moss,sp.,1,,2,1,2,4,3,1,2,2,4,1,2,,4,1
15,Symplocarpus,foetidus,1,,2,1,2,,3,1,1,,5,1,1,,2,1
15,Galium,sp.,,,,0,4,2,4,1,4,4,5,1,3,3,4,1
15,Verbena,urticifolia,,,,0,3,,2,1,,,,0,2,,2,1
15,Unknown,dicot,,,,0,3,3,2,1,,3,2,1,,3,2,1
15,Unknown,dicot,1,,2,1,2,,2,1,2,,2,1,,,,0
15,Euonymus,obovatus,,,,0,2,,2,1,,,,0,,,,0
15,TRIFOLIUM,PRATENSE,,,,0,,4,4,1,,,,0,,2,2,1
15,Polygonum,sp.,,,,0,,4,2,1,3,,2,1,,,,0
15,Carex,sp.,,,,0,,4,2,1,1,,2,1,1,,2,1
15,Plantago,sp.,,,,0,,3,2,1,,,,0,,,,0
15,TARAXACUM,OFFICINALE,,,,0,,2,2,1,2,2,2,1,3,2,3,1
15,Amphicarpaea,bracteata,,,,0,,2,2,1,3,,2,1,4,,2,1
15,Carex,sp.,,,,0,,2,3,1,1,,6,1,4,2,5,1
15,Carex,sp.,,,,0,,2,2,1,,2,2,1,,2,2,1
15,Unknown,vine,,,,0,1,,2,1,,,,0,,3,2,1
15,Fragaria,virginiana,,,,0,1,,5,1,4,,3,1,3,,2,1
15,Ribes,sp.,,,,0,1,,2,1,2,,2,1,2,,2,1
15,Onoclea,sensibilis,,,,0,1,,2,1,,,,0,,,,0
15,Juncus,effusus,,,,0,1,,2,1,1,,2,1,,,,0
15,Rubus,allegheniensis,,,,0,,,,0,4,,2,1,3,,2,1
15,BARBAREA,VERNA,,,,0,,,,0,3,,2,1,,,,0
15,VERONICA,OFFICINALIS,,,,0,,,,0,3,,2,1,,,,0
15,Acer,saccharum,,,,0,,,,0,3,3,2,1,3,,2,1
15,Oxalis,stricta,,,,0,,,,0,3,,3,1,2,,2,1
15,Viburnum,dentatum,,,,0,,,,0,2,,1,1,,,,0
15,Acer,rubrum,,,,0,,,,0,2,,2,1,,,,0
15,Erythronium,americanum,,,,0,,,,0,2,,2,1,1,,2,1
15,Senecio,aureus,,,,0,,,,0,,2,1,1,,,,0
15,VIBURNUM,PLICATUM,,,,0,,,,0,,2,3,1,2,3,3,1
15,Panicum,sp.,,,,0,,,,0,1,,2,1,,2,2,1
15,Quercus,sp.,,,,0,,,,0,1,,2,1,3,,2,1
15,VIBURNUM,OPULUS,,,,0,,,,0,1,,2,1,,,,0
15,Carya,sp.,,,,0,,,,0,,,,0,3,,2,1
15,Viburnum,acerifolium,,,,0,,,,0,,,,0,3,,1,1
15,Juncus,tenuis,,,,0,,,,0,,,,0,3,2,5,1
15,Acer,negundo,,,,0,,,,0,,,,0,,3,2,1
15,Prunus,serotina,,,,0,,,,0,,,,0,,2,1,1
15,Zizia,aurea,,,,0,,,,0,,,,0,1,,2,1
16,Cardamine,concatenata,4,4,6,1,4,4,7,1,3,3,6,1,,4,5,1
16,ROSA,MULTIFLORA,3,2,6,1,1,,5,1,,3,3,1,,2,5,1
16,Allium,canadense,3,2,5,1,3,4,5,1,4,2,5,1,3,4,5,1
16,Prenanthes,sp.,3,4,6,1,2,2,6,1,3,4,7,1,3,4,6,1
16,Arisaema,triphyllum,2,,2,1,1,,2,1,1,,2,1,1,,2,1
16,Erythronium,americanum,2,4,4,1,,2,4,1,2,4,4,1,3,3,4,1
16,Asarum,canadense,2,,3,1,4,3,6,1,3,2,6,1,,2,5,1
16,Geum,sp.,2,2,2,1,2,,2,1,2,2,2,1,2,3,2,1
16,Prunus,serotina,2,3,2,1,2,,2,1,2,,2,1,1,,2,1
16,Fraxinus,sp.,2,3,2,1,1,,2,1,1,,2,1,2,2,2,1
16,Camassia,scilloides,2,,2,1,2,,2,1,,2,2,1,,,,0
16,RANUNCULUS,REPENS,,4,2,1,,,,0,,,,0,,,,0
16,Moss,sp.,,4,3,1,2,,4,1,,3,3,1,4,,3,1
16,Unknown,dicot,,4,2,1,,3,2,1,3,4,4,1,2,4,3,1
16,Claytonia,virginica,,3,2,1,,2,3,1,2,,3,1,1,,2,1
16,ALLIARIA,PETIOLATA,,2,3,1,,2,2,1,3,2,2,1,2,3,2,1
16,Acer,negundo,,2,2,1,1,,2,1,2,,2,1,,4,2,1
16,Sanicula,sp.,,2,2,1,1,,2,1,,,,0,1,,2,1
16,Impatiens,capensis,,2,2,1,,2,2,1,,2,2,1,,2,2,1
16,Floerkea,proserpinacoides,,2,2,1,,2,3,1,3,2,4,1,3,4,4,1
16,HESPERIS,MATRONALIS,1,,3,1,1,,2,1,1,,2,1,2,2,3,1
16,Erechtites,hieracifolia,1,,1,1,,,,0,3,2,2,1,3,3,2,1
16,Viola,sororia,1,,3,1,,2,3,1,1,,3,1,,3,3,1
16,Polygonum,virginianum,1,,3,1,2,2,2,1,4,2,2,1,2,3,2,1
16,Geranium,maculatum,1,,2,1,2,,3,1,,2,2,1,,3,2,1
16,Ulmus,sp.,1,,2,1,,2,2,1,3,,2,1,,2,2,1
16,Anemonella,thalictroides,1,,3,1,1,,2,1,1,,2,1,,,,0
16,Ribes,sp.,1,,2,1,3,,2,1,,,,0,,,,0
16,Viburnum,dentatum,1,,2,1,,,,0,2,,2,1,2,,2,1
16,Galium,aparine,1,,1,1,2,,1,1,1,,2,1,2,,2,1
16,Maianthemum,racemosum,,,,0,2,,1,1,,,,0,,,,0
16,Viola,pubescens,,,,0,1,,3,1,1,,3,1,1,,3,1
16,Prunus,virginiana,,,,0,,2,2,1,,,,0,,,,0
16,Lindera,benzoin,,,,0,1,,2,1,,2,2,1,1,,2,1
16,Galium,sp.,,,,0,,,,0,4,,2,1,,,,0
16,Osmorhiza,longistylis,,,,0,,,,0,,2,2,1,,,,0
16,Unknown,monocot,,,,0,,,,0,1,,2,1,2,,2,1
16,Erigenia,bulbosa,,,,0,,,,0,,,,0,2,,1,1
17,Acer,saccharum,4,2,2,1,3,,2,1,4,,2,1,3,3,2,1
17,Acer,rubrum,4,3,2,1,3,,2,1,4,3,2,1,,2,2,1
17,Mitchella,repens,3,,2,1,,2,2,1,2,,2,1,1,,2,1
17,Viburnum,acerifolium,2,2,5,1,,2,2,1,2,,3,1,,2,5,1
17,Vitis,sp.,2,2,1,1,,,,0,,,,0,,,,0
17,Moss,sp.,2,4,6,1,4,4,4,1,3,3,2,1,3,4,3,1
17,Prenanthes,sp.,2,4,2,1,1,,3,1,3,,2,1,1,,2,1
17,Carpinus,caroliniana,2,,2,1,,,,0,,,,0,,,,0
17,Quercus,sp.,2,2,2,1,2,,2,1,,,,0,,2,2,1
17,Tiarella,cordifolia,2,,3,1,,3,3,1,3,,3,1,,2,3,1
17,Polystichum,acrostichoides,2,2,4,1,4,3,4,1,3,2,3,1,2,2,4,1
17,Solidago,caesia,2,2,2,1,3,2,2,1,3,2,2,1,3,2,2,1
17,Carex,sp.,2,3,3,1,2,,2,1,4,,2,1,,2,2,1
17,Rubus,allegheniensis,2,,2,1,,,,0,,,,0,,,,0
17,Liriodendron,tulipifera,2,2,1,1,2,,1,1,,3,1,1,,3,1,1
17,Fagus,grandifolia,2,,2,1,2,,2,1,2,,3,1,2,2,2,1
17,Festuca,sp.,2,,3,1,2,,2,1,2,2,2,1,,2,3,1
17,Conopholis,americana,,3,2,1,2,,2,1,1,,2,1,,2,3,1
17,Carex,sp.,,2,2,1,2,,2,1,1,,2,1,,,,0
17,Unknown,fern,,2,1,1,,,,0,,,,0,1,,1,1
17,Fraxinus,sp.,,2,1,1,1,,2,1,,,,0,2,2,2,1
17,Erythronium,americanum,1,,3,1,,4,3,1,4,3,3,1,2,3,3,1
17,Ulmus,sp.,1,,2,1,1,,2,1,2,,2,1,,,,0
17,Luzula,multiflora,1,,2,1,,,,0,3,,2,1,1,,3,1
17,Polygonatum,biflorum,1,,2,1,,,,0,1,,2,1,2,,2,1
17,Carex,sp.,1,,2,1,2,,2,1,2,,2,1,1,,2,1
17,Parthenocissus,quinquefolia,1,,1,1,2,,1,1,2,,1,1,,,,0
17,Crataegus,sp.,1,,1,1,,,,0,,,,0,1,,2,1
17,Carex,pensylvanica,,,,0,3,,2,1,,,,0,1,,2,1
17,Viola,rostrata,,,,0,2,,2,1,,,,0,1,,2,1
17,Carya,cordiformis,,,,0,2,,1,1,,,,0,,,,0
17,Toxicodendron,radicans,,,,0,,3,2,1,1,,1,1,,,,0
17,Prunus,serotina,,,,0,1,,2,1,3,,2,1,,,,0
17,Viola,pubescens,,,,0,1,,3,1,,,,0,,,,0
17,Viola,sororia,,,,0,1,,2,1,,,,0,,,,0
17,Galium,sp.,,,,0,1,,2,1,,,,0,1,,2,1
17,Euonymus,obovatus,,,,0,1,,2,1,,,,0,1,,2,1
17,Impatiens,capensis,,,,0,1,,2,1,,,,0,,,,0
17,Viola,canadensis,,,,0,1,,2,1,2,,2,1,,,,0
17,Cardamine,rhomboidea,,,,0,1,,2,1,,,,0,,,,0
17,Solidago,gigantea,,,,0,1,,1,1,,,,0,,,,0
17,Poa,sp.,,,,0,1,,2,1,3,,2,1,,,,0
17,BARBAREA,VERNA,,,,0,1,,2,1,,,,0,,,,0
17,Arisaema,triphyllum,,,,0,1,,2,1,2,,2,1,1,,1,1
17,Carex,laxiculmis,,,,0,1,,2,1,,,,0,,,,0
17,Senecio,obovatus,,,,0,1,,2,1,,,,0,,,,0
17,Ranunculus,recurvatus,,,,0,1,,1,1,,,,0,,,,0
17,Dryopteris,carthusiana,,,,0,1,,2,1,,,,0,,,,0
17,Amelanchier,sp.,,,,0,,,,0,,2,2,1,,,,0
17,Leersia,virginica,,,,0,1,,2,1,,,,0,,,,0
17,Ranunculus,abortivus,,,,0,1,,1,1,,,,0,,,,0
17,Polygonatum,pubescens,,,,0,,,,0,1,,2,1,2,,3,1
17,Hamamelis,virginiana,,,,0,,,,0,,,,0,2,2,2,1
17,Anemonella,thalictroides,,,,0,,,,0,,,,0,1,,2,1
17,Tilia,americana,,,,0,,,,0,,,,0,1,,2,1
17,ROSA,MULTIFLORA,,,,0,,,,0,,,,0,1,,1,1
17,Podophyllum,peltatum,,,,0,,,,0,,,,0,1,,1,1
17,Carya,sp.,,,,0,,,,0,,,,0,1,,1,1
18,Allium,canadense,3,4,5,1,4,2,4,1,4,4,3,1,2,4,4,1
18,Euonymus,obovatus,2,2,2,1,1,,2,1,3,,2,1,4,2,2,1
18,Asteraceae,spp.,2,4,2,1,3,2,2,1,2,,2,1,2,3,2,1
18,Erythronium,americanum,2,,4,1,4,,5,1,,3,2,1,,,,0
18,Moss,sp.,,4,4,1,1,,5,1,,4,2,1,2,,3,1
18,RANUNCULUS,FICARIA,,3,2,1,,3,2,1,4,3,4,1,,,,0
18,Prenanthes,sp.,,2,2,1,1,,2,1,,,,0,,,,0
18,Cardamine,concatenata,,2,1,1,,,,0,,,,0,,,,0
18,BERBERIS,THUNBERGII,1,,2,1,1,,2,1,,2,2,1,1,,1,1
18,Lysimachia,ciliata,1,,1,1,,,,0,,,,0,,,,0
18,Polygonatum,pubescens,1,,2,1,1,,2,1,,,,0,,,,0
18,Prunus,serotina,1,,1,1,3,,2,1,,,,0,,,,0
18,Prunus,virginiana,1,,2,1,,2,2,1,1,,3,1,,,,0
18,Fagus,grandifolia,,,,0,2,,1,1,,,,0,,,,0
18,Picea,sp.,,,,0,1,,1,1,,,,0,,,,0
18,ROSA,MULTIFLORA,,,,0,1,,2,1,,2,2,1,2,,2,1
18,Arisaema,triphyllum,,,,0,1,,2,1,3,,2,1,,2,2,1
18,Acer,sp.,,,,0,,,,0,3,,2,1,2,,2,1
18,ALLIARIA,PETIOLATA,,,,0,,,,0,3,,2,1,,,,0
18,Acer,negundo,,,,0,,,,0,3,,1,1,,,,0
18,LONICERA,MORROWII,,,,0,,,,0,2,,1,1,,,,0
18,Maianthemum,racemosum,,,,0,,,,0,2,,1,1,1,,1,1
18,LIGUSTRUM,VULGARE,,,,0,,,,0,,2,2,1,,2,2,1
18,Polygonatum,biflorum,,,,0,,,,0,1,,2,1,1,,2,1
18,Allium,tricoccum,,,,0,,,,0,1,,2,1,,,,0
18,Unknown,monocot,,,,0,,,,0,1,,2,1,,,,0
18,Unknown,dicot,,,,0,,,,0,,,,0,4,,2,1
18,EUONYMUS,FORTUNEI,,,,0,,,,0,,,,0,2,,1,1
18,Vitis,sp.,,,,0,,,,0,,,,0,,2,1,1
18,Crataegus,sp.,,,,0,,,,0,,,,0,,2,1,1
19,Erythronium,americanum,4,4,6,1,3,2,3,1,4,4,5,1,3,4,6,1
19,Fraxinus,sp.,3,,2,1,2,,2,1,,2,2,1,2,,2,1
19,Prenanthes,sp.,2,,2,1,,,,0,1,,2,1,2,2,3,1
19,Arisaema,triphyllum,2,2,2,1,1,,2,1,2,2,3,1,2,3,2,1
19,Cardamine,concatenata,2,,3,1,3,,2,1,3,,2,1,2,,2,1
19,Prunus,serotina,2,,2,1,3,,2,1,2,,2,1,2,4,3,1
19,Euonymus,obovatus,2,2,2,1,2,3,2,1,1,,2,1,,,,0
19,Carpinus,caroliniana,2,,1,1,,,,0,1,,2,1,,2,2,1
19,Podophyllum,peltatum,,3,5,1,4,2,8,1,3,2,4,1,2,2,6,1
19,Maianthemum,canadense,1,,1,1,,,,0,,,,0,1,,2,1
19,Viburnum,acerifolium,1,,2,1,1,,2,1,,,,0,,2,2,1
19,Carex,sp.,1,,2,1,,,,0,,,,0,,,,0
19,Carex,laxiculmis,,,,0,1,,2,1,1,,2,1,,,,0
19,Polygonum,virginianum,,,,0,1,,2,1,,,,0,,,,0
19,LIGUSTRUM,VULGARE,,,,0,1,,2,1,1,,3,1,,,,0
19,Moss,sp.,,,,0,1,,3,1,4,,3,1,2,,2,1
19,Crataegus,sp.,,,,0,,,,0,2,,1,1,,,,0
19,Geranium,maculatum,,,,0,,,,0,2,,2,1,,,,0
19,Acer,saccharum,,,,0,,,,0,,3,2,1,1,,2,1
19,Asteraceae,spp.,,,,0,,,,0,1,,1,1,,,,0
19,Acer,rubrum,,,,0,,,,0,1,,1,1,,,,0
19,ROSA,MULTIFLORA,,,,0,,,,0,1,,2,1,,,,0
19,Fagus,grandifolia,,,,0,,,,0,,,,0,3,,2,1
20,Acer,sp.,3,2,2,1,1,2,2,1,2,4,2,1,1,,2,1
20,Asteraceae,spp.,2,,3,1,2,4,6,1,3,3,3,1,4,3,3,1
20,Polygonum,virginianum,1,,2,1,,,,0,,,,0,,,,0
20,Geum,sp.,1,,2,1,,,,0,,,,0,1,,2,1
20,ROSA,MULTIFLORA,1,,2,1,,,,0,,,,0,,,,0
20,Unknown,monocot,1,,2,1,,,,0,,,,0,,,,0
20,Unknown,dicot,1,,2,1,,,,0,3,,2,1,,,,0
20,Allium,tricoccum,,2,1,1,1,,2,1,,,,0,,,,0
20,Moss,sp.,,4,2,1,2,4,4,1,4,3,4,1,,2,2,1
20,Ranunculus,sp.,,2,2,1,,,,0,,,,0,,,,0
20,Unknown,monocot,,2,2,1,1,,2,1,,4,2,1,,,,0
20,Arisaema,triphyllum,1,,2,1,,,,0,,,,0,,,,0
20,LIGUSTRUM,VULGARE,,,,0,2,,2,1,,,,0,,,,0
20,Polystichum,acrostichoides,,,,0,1,,2,1,,,,0,,,,0
20,ALLIARIA,PETIOLATA,,,,0,1,,2,1,2,,2,1,,,,0
20,Carex,sp.,,,,0,1,,2,1,,,,0,,,,0
20,Prunus,serotina,,,,0,,3,1,1,,,,0,,,,0
20,TARAXACUM,OFFICINALE,,,,0,,,,0,2,,2,1,,,,0
20,RANUNCULUS,REPENS,,,,0,,,,0,2,,2,1,,,,0
20,DUCHESNEA,INDICA,,,,0,,,,0,1,,2,1,4,,1,1
20,Cardamine,concatenata,,,,0,,,,0,,,,0,2,,2,1
20,EUONYMUS,ALATUS,,,,0,,,,0,,,,0,2,,1,1
20,Solidago,flexicaulis,,,,0,,,,0,,,,0,2,,1,1
20,Podophyllum,peltatum,,,,0,,,,0,,,,0,2,,2,1
20,Mertensia,virginica,,,,0,,,,0,,,,0,1,,1,1
20,Ulmus,sp.,,,,0,,,,0,,,,0,1,,2,1
20,Tussilago,farfara,,,,0,1,,1,1,,,,0,,2,2,1
20,Rubus,pensylvanicus,,,,0,,,,0,,,,0,,3,2,1
20,Acer,negundo,,,,0,,,,0,,,,0,1,,1,1
21,Podophyllum,peltatum,4,3,4,1,2,3,7,1,,3,3,1,1,,4,1
21,Erythronium,americanum,3,,3,1,3,3,2,1,1,,3,1,4,,4,1
21,Acer,saccharum,3,2,6,1,3,4,6,1,3,3,4,1,4,4,5,1
21,Quercus,sp.,3,,1,1,,,,0,,,,0,,,,0
21,Polygonatum,pubescens,2,,3,1,1,,2,1,,2,2,1,,2,3,1
21,Viburnum,acerifolium,2,,3,1,1,,2,1,1,,2,1,2,,2,1
21,Prenanthes,sp.,2,,2,1,,,,0,1,,2,1,1,,2,1
21,Polygonatum,biflorum,,2,3,1,1,,2,1,1,,2,1,2,2,3,1
21,Mitchella,repens,,2,2,1,1,,2,1,,,,0,,,,0
21,Fagus,grandifolia,,2,2,1,2,,2,1,2,,2,1,1,,2,1
21,Arisaema,triphyllum,1,,2,1,,,,0,,,,0,1,,2,1
21,Fraxinus,pennsylvanica,,,,0,2,,1,1,3,2,2,1,3,,2,1
21,Moss,sp.,,,,0,,,,0,2,,2,1,,2,2,1
21,Ostrya,virginiana,,,,0,,,,0,1,,1,1,2,,1,1
21,Prunus,serotina,,,,0,,,,0,,,,0,2,,2,1
21,Solidago,caesia,,,,0,,,,0,,,,0,1,,2,1
21,Unknown,fern,,,,0,,,,0,,,,0,1,,2,1
21,Impatiens,capensis,,,,0,,,,0,,,,0,1,,1,1
21,Unknown,monocot,,,,0,,,,0,,,,0,1,,1,1
21,Carex,sp.,,,,0,,,,0,,,,0,1,,2,1
21,Galium,sp.,,,,0,,,,0,,,,0,1,,2,1
21,Crataegus,sp.,,,,0,,,,0,,,,0,1,,2,1
22,Erythronium,americanum,4,2,2,1,2,2,2,1,1,,2,1,,4,2,1
22,Erigenia,bulbosa,3,,2,1,,2,2,1,,,,0,,,,0
22,ROSA,MULTIFLORA,3,4,4,1,3,4,4,1,2,,5,1,4,,3,1
22,Viola,sp.,3,3,3,1,3,,2,1,2,2,2,1,,4,4,1
22,Panicum,sp.,3,,2,1,4,,3,1,,2,2,1,,,,0
22,TARAXACUM,OFFICINALE,3,2,2,1,2,,2,1,,3,1,1,2,,1,1
22,Geum,sp.,3,2,2,1,3,,2,1,2,,2,1,2,3,2,1
22,Sanicula,sp.,3,,1,1,1,,2,1,,,,0,,,,0
22,Ranunculus,recurvatus,4,3,2,1,,,,0,,,,0,1,,2,1
22,Claytonia,virginica,2,,2,1,3,2,2,1,,,,0,3,,4,1
22,LIGUSTRUM,VULGARE,2,,2,1,1,,2,1,,,,0,1,,1,1
22,Cardamine,concatenata,2,2,2,1,2,3,3,1,2,,2,1,,4,2,1
22,Zizia,aptera,3,,2,1,1,,2,1,,,,0,,,,0
22,Galium,palustre,1,3,2,1,,,,0,,,,0,2,4,2,1
22,Cardamine,douglassii,2,,2,1,2,,2,1,2,,2,1,2,,2,1
22,Polemonium,reptans,2,,3,1,,2,3,1,,,,0,,2,2,1
22,Asteraceae,spp.,4,4,3,1,3,3,3,1,2,4,3,1,,4,3,1
22,Unknown,monocot,2,4,4,1,4,,4,1,2,4,4,1,3,4,5,1
22,Unknown,dicot,3,,2,1,4,,1,1,,,,0,,,,0
22,Cardamine,diphylla,,2,2,1,2,2,2,1,2,,2,1,,2,2,1
22,Moss,sp.,,2,2,1,2,,1,1,1,,3,1,1,,2,1
22,LYSIMACHIA,NUMMULARIA,,2,1,1,,,,0,,4,1,1,,,,0
22,Agrimonia,striata,1,,1,1,1,,1,1,,,,0,2,3,1,1
22,Mitella,diphylla,1,,1,1,,,,0,,,,0,,,,0
22,Allium,tricoccum,1,,1,1,1,,1,1,,,,0,,,,0
22,Allium,canadense,1,,2,1,2,2,2,1,2,4,2,1,,2,2,1
22,Sanguinaria,canadensis,1,,1,1,,2,1,1,1,,2,1,3,3,2,1
22,HEMEROCALLIS,FULVA,1,,1,1,2,,1,1,,,,0,2,,2,1
22,Cardamine,rhomboidea,1,,2,1,3,,2,1,,,,0,,,,0
22,Lysimachia,ciliata,,,,0,2,,2,1,,3,2,1,1,,2,1
22,Monarda,sp.,,,,0,2,,2,1,,,,0,,,,0
22,Tussilago,farfara,,,,0,1,,1,1,,,,0,,,,0
22,RANUNCULUS,REPENS,,,,0,1,,1,1,,,,0,,,,0
22,Geranium,maculatum,,,,0,1,,1,1,,,,0,,,,0
22,Polygonum,virginianum,,,,0,,,,0,2,,2,1,,,,0
22,Senecio,obovatus,1,,2,1,1,,2,1,1,,2,1,3,,4,1
22,Podophyllum,peltatum,,,,0,,,,0,1,,2,1,,,,0
22,Unknown,forb,,,,0,,,,0,1,,2,1,,,,0
22,Rumex,sp.,,,,0,,,,0,1,,1,1,,,,0
22,Carex,sp.,,,,0,,,,0,,,,0,3,,2,1
22,DAUCUS,CAROTA,,,,0,,,,0,,,,0,1,,1,1
23,Prunus,serotina,2,4,2,1,2,2,2,1,2,4,2,1,3,4,2,1
23,Moss,sp.,2,,2,1,2,3,2,1,3,,2,1,2,2,2,1
23,Maianthemum,canadense,,2,4,1,2,,2,1,,3,2,1,,2,3,1
23,Unknown,monocot,1,,2,1,2,,2,1,2,,3,1,3,3,4,1
23,Mitchella,repens,,,,0,3,,2,1,,,,0,,,,0
23,Polygonatum,pubescens,,,,0,2,,1,1,,,,0,2,,2,1
23,Acer,sp.,,,,0,2,2,2,1,,,,0,,,,0
23,Carex,sp.,,,,0,,2,2,1,3,,2,1,2,,2,1
23,TARAXACUM,OFFICINALE,,,,0,,2,1,1,2,,1,1,1,,1,1
23,Fagus,grandifolia,,,,0,1,,1,1,2,,2,1,,,,0
23,Panicum,sp.,,,,0,,,,0,3,,2,1,,,,0
23,Rubus,allegheniensis,,,,0,,,,0,2,,2,1,,2,4,1
23,Pinus,nigra,,,,0,,,,0,2,,2,1,4,,3,1
23,Podophyllum,peltatum,,,,0,,,,0,1,,2,1,4,,3,1
23,Ostrya,virginiana,,,,0,,,,0,1,,1,1,,2,1,1
23,Ulmus,sp.,,,,0,,,,0,,,,0,2,,1,1
23,Hedyotis,caerulea,,,,0,,,,0,,,,0,1,,2,1
23,Lamiaceae,spp.,,,,0,,,,0,,,,0,1,,2,1
23,Senecio,obovatus,,,,0,,,,0,,,,0,1,,1,1
23,Unknown,monocot,,,,0,,,,0,,,,0,1,,2,1
23,Carex,sp.,,,,0,,,,0,,,,0,1,,2,1
24,Moss,sp.,4,3,2,1,2,2,2,1,1,,2,1,,3,2,1
24,Prunus,serotina,3,2,3,1,4,3,3,1,3,3,2,1,3,3,2,1
24,Smilax,rotundifolia,3,3,4,1,3,3,4,1,4,3,3,1,3,3,4,1
24,Acer,rubrum,2,2,2,1,2,2,2,1,2,2,2,1,,2,2,1
24,Crataegus,sp.,2,,1,1,,,,0,,,,0,,,,0
24,Fraxinus,sp.,1,,1,1,1,,1,1,,,,0,,,,0
24,Vaccinium,pallidum,1,,2,1,,,,0,,,,0,,,,0
24,Quercus,sp.,,,,0,2,2,1,1,2,,1,1,,,,0
24,Amelanchier,sp.,,,,0,1,,2,1,,,,0,,,,0
24,Sassafras,albidum,,,,0,,,,0,,,,0,2,4,2,1
25,Prenanthes,sp.,3,,2,1,2,,2,1,2,,2,1,3,3,2,1
25,Acer,rubrum,3,,2,1,,3,2,1,3,2,2,1,,3,2,1
25,Unknown,monocot,3,2,2,1,,,,0,,,,0,1,,2,1
25,Moss,sp.,3,,3,1,,3,2,1,3,,2,1,,2,2,1
25,Prunus,serotina,2,3,2,1,2,3,2,1,2,,2,1,4,3,2,1
25,Liriodendron,tulipifera,2,,1,1,,2,1,1,,2,1,1,,2,1,1
25,Carex,sp.,3,,2,1,,,,0,1,,2,1,1,,2,1
25,Podophyllum,peltatum,,4,2,1,1,,2,1,,3,5,1,1,,2,1
25,Smilax,rotundifolia,,2,2,1,1,,4,1,,2,3,1,2,2,3,1
25,Vaccinium,pallidum,,2,2,1,,2,3,1,,2,2,1,2,2,3,1
25,Conopholis,americana,1,,3,1,3,2,2,1,3,,2,1,2,3,3,1
25,Mitchella,repens,1,,2,1,1,,2,1,1,,2,1,,4,2,1
25,Hamamelis,virginiana,2,,1,1,,,,0,,,,0,,,,0
25,Quercus,rubra,1,,1,1,,,,0,,,,0,,,,0
25,Vitis,sp.,,,,0,,3,1,1,1,,2,1,,,,0
25,Polygonatum,biflorum,,,,0,,2,2,1,2,,1,1,4,3,2,1
25,Pyrus,sp.,,,,0,,2,1,1,,,,0,,,,0
25,Aster,cordifolius,,,,0,,2,1,1,,,,0,,,,0
25,Amelanchier,sp.,,,,0,,2,1,1,,,,0,,,,0
25,Magnolia,acuminata,1,,1,1,1,,1,1,,,,0,1,,1,1
25,Viburnum,acerifolium,,,,0,1,,1,1,1,,1,1,,,,0
25,Crataegus,sp.,,,,0,1,,1,1,1,,1,1,4,2,1,1
25,Asteraceae,spp.,,,,0,,,,0,3,,1,1,,,,0
25,Acer,saccharum,,,,0,,,,0,,2,1,1,,,,0
25,Unknown,monocot,,,,0,,,,0,1,,1,1,,,,0
25,Carpinus,caroliniana,,,,0,,,,0,1,,2,1,,,,0
25,Carya,sp.,,,,0,,,,0,,,,0,2,,1,1
25,Sanicula,sp.,,,,0,,,,0,,,,0,1,,1,1
25,Geum,sp.,,,,0,,,,0,,,,0,1,,2,1
26,RANUNCULUS,REPENS,2,,2,1,2,2,3,1,2,2,4,1,3,3,3,1
26,Unknown,monocot,2,,2,1,3,,2,1,1,,2,1,1,,2,1
26,Cardamine,concatenata,2,3,4,1,2,2,4,1,2,2,3,1,3,4,4,1
26,Unknown,dicot,2,2,2,1,2,,2,1,2,,2,1,1,,2,1
26,Claytonia,virginica,2,3,5,1,3,2,4,1,2,3,3,1,4,3,4,1
26,Geranium,maculatum,2,2,5,1,2,2,3,1,2,,3,1,2,3,4,1
26,Geum,sp.,2,,2,1,2,,2,1,2,,2,1,2,,2,1
26,Galium,sp.,2,,1,1,,,,0,,,,0,,,,0
26,Floerkea,proserpinacoides,2,3,2,1,4,2,2,1,4,3,5,1,4,,3,1
26,Erythronium,americanum,2,3,3,1,3,3,2,1,2,2,2,1,2,4,4,1
26,Ranunculus,hispidus,2,3,2,1,2,2,2,1,2,,2,1,2,2,2,1
26,Cardamine,diphylla,2,3,4,1,3,3,4,1,2,,2,1,1,,3,1
26,Allium,tricoccum,2,3,6,1,2,4,6,1,2,2,6,1,2,3,7,1
26,Cardamine,douglassii,2,3,3,1,3,2,4,1,2,3,3,1,3,2,4,1
26,Acer,sp.,2,,2,1,,,,0,,,,0,1,,1,1
26,Dicentra,canadensis,2,3,3,1,1,,3,1,,2,5,1,2,2,5,1
26,Hydrophyllum,virginianum,2,4,3,1,2,2,3,1,1,,3,1,2,,3,1
26,Arisaema,triphyllum,2,,2,1,1,,2,1,1,,2,1,,2,1,1
26,Trillium,sp.,,2,3,1,,3,2,1,2,2,2,1,2,3,2,1
26,Euonymus,obovatus,,4,2,1,,2,2,1,2,2,2,1,2,3,2,1
26,Moss,sp.,,3,5,1,3,2,3,1,2,,4,1,2,,4,1
26,Sanguinaria,canadensis,,2,2,1,,,,0,,,,0,1,,2,1
26,Carex,plantaginea,1,,3,1,2,,2,1,,,,0,1,,1,1
26,Prunus,virginiana,1,,2,1,,2,1,1,,,,0,2,,2,1
26,Dicentra,cucullaria,1,,2,1,2,4,3,1,1,,3,1,,2,3,1
26,Polystichum,acrostichoides,1,,2,1,2,2,3,1,,2,3,1,2,2,3,1
26,Caulophyllum,thalictroides,1,,2,1,,4,3,1,,2,6,1,2,,4,1
26,Polygonatum,pubescens,1,,1,1,,,,0,2,,1,1,,2,2,1
26,Smilax,hispida,1,,1,1,,,,0,,,,0,,,,0
26,Viola,sp.,1,,1,1,2,,2,1,1,,1,1,1,,1,1
26,Trillium,grandiflorum,1,,2,1,,2,2,1,1,,3,1,2,,3,1
26,Cardamine,rhomboidea,1,,2,1,1,,2,1,,2,2,1,,2,2,1
26,Carex,sp.,1,,2,1,1,,2,1,,,,0,,,,0
26,Erigenia,bulbosa,,,,0,2,2,2,1,,,,0,2,,2,1
26,Anemone,quinquefolia,,,,0,,2,2,1,1,,2,1,2,,2,1
26,Isopyrum,biternatum,,,,0,,2,2,1,1,,2,1,,,,0
26,Trillium,sessile,,,,0,,,,0,2,,2,1,2,,2,1
26,Mitella,diphylla,,,,0,,,,0,2,,1,1,,,,0
26,Lindera,benzoin,,,,0,,,,0,2,,2,1,,,,0
26,Ribes,sp.,,,,0,,,,0,,3,2,1,1,,2,1
26,Polygonum,virginianum,,,,0,,,,0,,2,2,1,,,,0
26,Ulmus,sp.,,,,0,,,,0,,,,0,3,,1,1
26,Polygonatum,biflorum,,,,0,,,,0,,,,0,,2,1,1
26,Hepatica,acutiloba,,,,0,,,,0,,,,0,1,,2,1
26,Polemonium,reptans,,,,0,,,,0,,,,0,1,,2,1
27,Smilax,rotundifolia,3,,2,1,2,2,2,1,2,2,3,1,4,3,2,1
27,Prunus,serotina,2,4,2,1,2,2,2,1,,2,2,1,,2,2,1
27,Moss,sp.,,3,2,1,2,3,3,1,2,3,3,1,2,2,3,1
27,Magnolia,acuminata,,2,1,1,,,,0,,,,0,,,,0
27,Acer,rubrum,1,,2,1,,2,2,1,2,,2,1,2,4,2,1
27,Viburnum,acerifolium,1,,1,1,1,,1,1,,2,2,1,,2,2,1
27,Polygonatum,biflorum,1,,1,1,,,,0,1,,1,1,1,,1,1
27,Crataegus,sp.,,,,0,2,,2,1,1,,1,1,2,,2,1
27,Sassafras,albidum,,,,0,2,2,2,1,1,,2,1,1,,1,1
27,Carex,sp.,,,,0,,4,2,1,2,,3,1,4,,2,1
27,Podophyllum,peltatum,,,,0,,2,5,1,1,,3,1,,,,0
27,Unknown,monocot,,,,0,,2,2,1,2,,2,1,,,,0
27,Rubus,allegheniensis,,,,0,,2,2,1,1,,2,1,,,,0
27,Vaccinium,pallidum,,,,0,1,,2,1,,,,0,,,,0
27,Liriodendron,tulipifera,,,,0,1,,2,1,1,,1,1,2,,1,1
27,Conopholis,americana,,,,0,1,,1,1,,,,0,,2,2,1
27,Asteraceae,spp.,,,,0,,,,0,2,,2,1,,,,0
27,Polygonatum,pubescens,,,,0,,,,0,,2,2,1,,,,0
27,Vitis,sp.,,,,0,,,,0,1,,1,1,2,,1,1
27,Viola,sp.,,,,0,,,,0,1,,1,1,,,,0
27,Carex,laxiculmis,,,,0,,,,0,1,,1,1,3,,1,1
27,Maianthemum,racemosum,,,,0,,,,0,1,,1,1,,,,0
27,Prenanthes,sp.,,,,0,,,,0,,,,0,4,,2,1
27,Quercus,sp.,,,,0,,,,0,,,,0,1,,1,1
28,Prenanthes,sp.,3,4,6,1,3,4,5,1,4,4,5,1,1,,2,1
28,Fraxinus,sp.,3,4,4,1,3,4,2,1,4,4,5,1,4,3,6,1
28,Moss,sp.,3,4,2,1,1,,3,1,,,,0,1,,2,1
28,Hamamelis,virginiana,3,2,3,1,4,,2,1,,2,2,1,,2,2,1
28,Maianthemum,racemosum,2,3,2,1,3,2,2,1,2,,2,1,1,,1,1
28,Prunus,serotina,2,,2,1,1,,2,1,,,,0,,,,0
28,Arisaema,triphyllum,2,,2,1,2,,2,1,2,,2,1,1,,2,1
28,BERBERIS,THUNBERGII,,2,1,1,,,,0,,,,0,,,,0
28,RHAMNUS,FRANGULA,,2,1,1,3,,1,1,1,,1,1,,2,1,1
28,Carex,sp.,1,,2,1,3,2,3,1,1,,2,1,,,,0
28,Asteraceae,spp.,1,,1,1,1,,1,1,,,,0,,,,0
28,Vitis,sp.,1,,1,1,,4,1,1,,,,0,,,,0
28,Solidago,caesia,1,,2,1,1,,2,1,,3,2,1,,,,0
28,Crataegus,sp.,1,,1,1,2,,2,1,2,,2,1,,,,0
28,Viburnum,dentatum,1,,1,1,,,,0,,,,0,,,,0
28,Carex,sp.,1,,2,1,,2,2,1,3,,2,1,,,,0
28,ROSA,MULTIFLORA,1,,1,1,2,,2,1,,,,0,1,,2,1
28,Carex,sp.,,,,0,3,,2,1,2,2,2,1,,,,0
28,Acer,rubrum,,,,0,2,,2,1,,,,0,2,2,2,1
28,Geranium,maculatum,,,,0,2,,2,1,,,,0,,,,0
28,Polygonatum,biflorum,,,,0,2,2,2,1,1,,2,1,,,,0
28,Erythronium,americanum,,,,0,2,3,4,1,,,,0,,,,0
28,Carpinus,caroliniana,,,,0,,3,2,1,3,,2,1,,,,0
28,Leersia,virginica,,,,0,,2,4,1,,,,0,,,,0
28,Oxalis,stricta,,,,0,,2,2,1,,,,0,,,,0
28,Parthenocissus,quinquefolia,,,,0,1,,1,1,,,,0,,,,0
28,Carex,laxiculmis,,,,0,1,,2,1,,,,0,,,,0
28,Allium,canadense,,,,0,1,,2,1,,,,0,,,,0
28,Podophyllum,peltatum,,,,0,1,,2,1,,,,0,,,,0
28,Smilax,rotundifolia,,,,0,1,,1,1,,,,0,,,,0
28,Sassafras,albidum,,,,0,,,,0,1,,2,1,,,,0
28,Quercus,sp.,,,,0,,,,0,,,,0,1,,1,1
29,Acer,rubrum,4,,2,1,2,2,2,1,3,,2,1,1,,2,1
29,Prunus,serotina,3,2,2,1,2,,2,1,3,,2,1,2,,2,1
29,Carex,sp.,3,,2,1,,,,0,,,,0,,,,0
29,Moss,sp.,2,2,2,1,,2,2,1,4,2,2,1,3,,2,1
29,Smilax,rotundifolia,2,,3,1,2,,2,1,3,2,2,1,2,,2,1
29,Viburnum,acerifolium,2,,1,1,1,,1,1,1,,1,1,,,,0
29,Hamamelis,virginiana,,2,2,1,,,,0,,2,2,1,,,,0
29,Polygonatum,pubescens,1,,2,1,1,,2,1,,,,0,1,,2,1
29,Polygonatum,biflorum,1,,2,1,1,,2,1,,,,0,2,,2,1
29,Amelanchier,sp.,1,,2,1,,,,0,1,,1,1,,,,0
29,RHAMNUS,FRANGULA,,,,0,1,,1,1,,,,0,,,,0
