plot,genus,species,herb layer,herb y/n,a-cover,a-alpha,b-cover,b-alpha,c-cover,c-alpha,d-cover,d-alpha,res
1,Sambucus,canadensis,2,1,3,1,3,1,,0,2,1,0
1,ALLIARIA,PETIOLATA,3,1,3,1,3,1,3,1,5,1,0
1,Fraxinus,sp.,2,1,2,1,2,1,2,1,2,1,0
1,Toxicodendron,radicans,3,1,2,1,2,1,,0,2,1,0
1,Galium,triflorum,2,1,2,1,,0,1,1,2,1,0
1,Arisaema,triphyllum,2,1,3,1,2,1,3,1,2,1,0
1,Impatiens,capensis,3,1,4,1,4,1,4,1,4,1,0
1,Circaea,lutetiana,3,1,3,1,3,1,3,1,4,1,0
1,Geum,canadense,2,1,3,1,2,1,2,1,2,1,0
1,Parthenocissus,quinquefolia,3,1,2,1,2,1,2,1,3,1,0
1,Moss,sp.,2,1,2,1,2,1,2,1,3,1,0
1,TARAXACUM,OFFICINALE,1,1,1,1,,0,,0,,0,0
1,Fraxinus,pennsylvanica,2,1,2,1,2,1,3,1,3,1,0
1,LONICERA,MORROWII,4,1,7,1,5,1,7,1,8,1,0
1,Lindera,benzoin,2,1,6,1,6,1,2,1,3,1,0
1,Cornus,alternifolia,2,1,2,1,2,1,,0,2,1,0
1,ROSA,MULTIFLORA,4,1,8,1,8,1,5,1,4,1,0
1,BERBERIS,THUNBERGII,4,1,3,1,,0,,0,,0,0
1,Polygonum,virginianum,4,1,5,1,4,1,6,1,6,1,0
1,Elymus,villosus,2,1,2,1,,0,,0,,0,0
1,Prunus,serotina,2,1,1,1,,0,,0,1,1,0
1,Blephilia,hirsuta,3,1,2,1,3,1,3,1,3,1,0
1,Eupatorium,rugosum,4,1,5,1,5,1,5,1,5,1,0
1,Crataegus,sp.,2,1,2,1,,0,,0,2,1,0
1,Ulmus,rubra,,0,2,1,,0,,0,,0,0
1,GLECHOMA,HEDERACEA,2,1,2,1,2,1,,0,2,1,0
1,POA,PRATENSIS,2,1,2,1,2,1,,0,2,1,0
1,Galium,aparine,2,1,2,1,,0,,0,2,1,0
1,Viola,sp.,2,1,2,1,2,1,2,1,2,1,0
1,Geum,sp.,2,1,2,1,2,1,2,1,2,1,0
1,Carex,laxiculmis,2,1,1,1,1,1,,0,,0,0
1,Rubus,occidentalis,2,1,1,1,3,1,2,1,,0,0
1,Ribes,americanum,2,1,2,1,2,1,,0,,0,0
1,Pyrus,sp.,2,1,1,1,2,1,2,1,1,1,0
1,Cinna,arundinacea,2,1,2,1,,0,,0,,0,0
1,Unknown,dicot,2,1,1,1,,0,1,1,1,1,0
1,Acer,negundo,,0,2,1,,0,,0,,0,0
1,Ulmus,sp.,2,1,3,1,2,1,1,1,,0,0
1,Lysimachia,ciliata,1,1,1,1,,0,,0,,0,0
1,Pilea,pumila,2,1,,0,2,1,3,1,1,1,0
1,Poa,sylvestris,2,1,,0,1,1,,0,2,1,0
1,Quercus,sp.,2,1,,0,,0,1,1,,0,0
1,Actaea,alba,2,1,,0,,0,2,1,,0,0
1,Poa,alsodes,1,1,,0,,0,,0,1,1,0
1,Ribes,cynosbati,2,1,,0,,0,3,1,,0,0
1,Sanicula,sp.,2,1,,0,,0,,0,1,1,0
1,Polygonatum,pubescens,1,1,,0,,0,,0,1,1,0
1,Podophyllum,peltatum,2,1,,0,,0,,0,2,1,0
1,Hackelia,virginiana,2,1,,0,,0,,0,1,1,0
1,Osmorhiza,longistylis,1,1,,0,,0,,0,1,1,0
1,Carya,cordiformis,1,1,,0,,0,,0,1,1,0
1,Acer,sp.,1,1,,0,,0,,0,1,1,0
1,Ulmus,americana,1,1,,0,,0,,0,1,1,0
1,Viola,sp.,2,1,,0,,0,,0,2,1,0
1,Carex,blanda,2,1,,0,,0,1,1,,0,0
1,Potentilla,simplex,2,1,,0,,0,,0,,0,1
1,Festuca,subverticillata,2,1,,0,,0,,0,,0,1
1,Agrimonia,sp.,1,1,,0,,0,,0,,0,1
1,Cornus,florida,,0,,0,,0,,0,,0,1
1,Quercus,muehlenbergii,,0,,0,,0,,0,,0,1
1,ARCTIUM,LAPPA,2,1,,0,,0,,0,,0,1
1,Carex,cephalophora,1,1,,0,,0,,0,,0,1
1,Leersia,virginica,2,1,,0,,0,2,1,,0,0
1,Geranium,maculatum,2,1,,0,,0,,0,,0,1
1,Quercus,rubra,,0,,0,,0,,0,,0,1
1,Oxalis,stricta,1,1,,0,,0,,0,,0,1
1,Solidago,caesia,2,1,,0,,0,,0,,0,1
1,Unknown,dicot,2,1,,0,,0,,0,,0,1
1,Carex,hirtifolia,2,1,,0,,0,,0,,0,1
1,Carex,gracillima,2,1,,0,,0,,0,,0,1
1,Carpinus,caroliniana,2,1,,0,,0,,0,,0,1
1,Senecio,obovatus,2,1,,0,,0,,0,,0,1
2,Parthenocissus,quinquefolia,2,1,2,1,2,1,2,1,1,1,0
2,Fraxinus,sp.,2,1,2,1,2,1,2,1,2,1,0
2,Podophyllum,peltatum,2,1,2,1,,0,2,1,2,1,0
2,Carya,cordiformis,2,1,2,1,,0,1,1,,0,0
2,Acer,saccharum,2,1,2,1,2,1,2,1,,0,0
2,Solidago,caesia,2,1,2,1,,0,2,1,2,1,0
2,Arisaema,triphyllum,2,1,2,1,2,1,2,1,2,1,0
2,Prenanthes,sp.,3,1,2,1,2,1,4,1,2,1,0
2,Fagus,grandifolia,2,1,3,1,2,1,2,1,2,1,0
2,Prunus,serotina,2,1,1,1,1,1,,0,2,1,0
2,Carex,digitalis,2,1,2,1,,0,,0,2,1,0
2,Carex,swanii,2,1,2,1,,0,2,1,2,1,0
2,Maianthemum,racemosum,1,1,1,1,1,1,,0,,0,0
2,Circaea,lutetiana,2,1,1,1,2,1,2,1,,0,0
2,Moss,sp.,2,1,2,1,2,1,,0,,0,0
2,Carya,sp.,2,1,1,1,,0,,0,,0,0
2,Viburnum,dentatum,2,1,,0,1,1,,0,2,1,0
2,Ulmus,sp.,2,1,,0,1,1,,0,,0,0
2,Polygonatum,biflorum,2,1,,0,2,1,,0,,0,0
2,LIGUSTRUM,VULGARE,2,1,,0,2,1,2,1,,0,0
2,Carex,sp.,2,1,,0,1,1,,0,,0,0
2,Toxicodendron,radicans,2,1,,0,2,1,2,1,,0,0
2,Glyceria,striata,2,1,,0,2,1,,0,2,1,0
2,Carex,amphibola,2,1,,0,2,1,2,1,,0,0
2,ROSA,MULTIFLORA,2,1,,0,3,1,2,1,,0,0
2,Polygonum,virginianum,1,1,,0,1,1,,0,,0,0
2,Geum,canadense,1,1,,0,2,1,,0,,0,0
2,Carex,gracillima,2,1,,0,2,1,,0,,0,0
2,Leersia,virginica,2,1,,0,2,1,1,1,,0,0
2,PRUNUS,CERASUS,1,1,,0,1,1,,0,,0,0
2,Lindera,benzoin,2,1,,0,2,1,,0,,0,0
2,Quercus,sp.,2,1,,0,,0,1,1,1,1,0
2,Carex,laxiculmis,2,1,,0,,0,2,1,,0,0
2,VERONICA,OFFICINALIS,2,1,,0,,0,2,1,2,1,0
2,Acer,sp.,2,1,,0,,0,1,1,2,1,0
2,Epifagus,virginiana,1,1,,0,,0,,0,1,1,0
2,VIBURNUM,PLICATUM,1,1,,0,,0,,0,1,1,0
2,Polygonatum,pubescens,1,1,,0,,0,,0,1,1,0
2,Carex,radiata,2,1,,0,,0,,0,2,1,0
2,Ostrya,virginiana,2,1,,0,,0,,0,2,1,0
2,Crataegus,sp.,1,1,,0,,0,,0,,0,1
2,Mitchella,repens,2,1,,0,,0,,0,,0,1
3,Impatiens,capensis,3,1,4,1,2,1,2,1,2,1,0
3,Toxicodendron,radicans,2,1,2,1,1,1,2,1,,0,0
3,Fagus,grandifolia,2,1,2,1,5,1,5,1,6,1,0
3,Carya,sp.,1,1,1,1,1,1,,0,,0,0
3,Parthenocissus,quinquefolia,2,1,2,1,,0,,0,,0,0
3,Fraxinus,pennsylvanica,2,1,3,1,3,1,3,1,5,1,0
3,Ulmus,sp.,2,1,2,1,2,1,,0,,0,0
3,RHAMNUS,FRANGULA,2,1,2,1,,0,2,1,,0,0
3,POLYGONUM,PERSICARIA,2,1,1,1,2,1,,0,,0,0
3,Leersia,virginica,3,1,3,1,3,1,2,1,2,1,0
3,VERONICA,OFFICINALIS,2,1,2,1,1,1,1,1,2,1,0
3,Aster,lateriflorus,2,1,2,1,2,1,,0,2,1,0
3,Quercus,sp.,2,1,2,1,,0,,0,2,1,0
3,Smilax,rotundifolia,2,1,2,1,4,1,,0,,0,0
3,Prunella,vulgaris,2,1,2,1,2,1,,0,,0,0
3,Prunus,serotina,2,1,2,1,2,1,2,1,2,1,0
3,Geum,canadense,2,1,2,1,2,1,,0,2,1,0
3,Solidago,caesia,2,1,2,1,2,1,2,1,2,1,0
3,TARAXACUM,OFFICINALE,2,1,2,1,1,1,1,1,1,1,0
3,Vitis,sp.,1,1,1,1,,0,,0,1,1,0
3,Moss,sp.,5,1,2,1,,0,6,1,4,1,0
3,Acer,saccharum,,0,5,1,3,1,,0,5,1,0
3,Viburnum,acerifolium,2,1,3,1,,0,,0,5,1,0
3,Glyceria,striata,2,1,2,1,2,1,,0,,0,0
3,VERONICA,SERPYLLIFOLIA,2,1,2,1,,0,,0,,0,0
3,Unknown,dicot,1,1,2,1,,0,,0,,0,0
3,Poa,alsodes,2,1,2,1,2,1,2,1,2,1,0
3,Acer,rubrum,,0,5,1,5,1,,0,,0,0
3,Ranunculus,recurvatus,2,1,2,1,2,1,,0,,0,0
3,Oxalis,stricta,2,1,2,1,2,1,,0,,0,0
3,Unknown,dicot,1,1,2,1,,0,,0,,0,0
3,Arisaema,triphyllum,2,1,2,1,,0,2,1,2,1,0
3,Scirpus,atrovirens,1,1,2,1,,0,,0,,0,0
3,Tilia,americana,1,1,1,1,,0,,0,,0,0
3,Maianthemum,racemosum,2,1,2,1,,0,2,1,1,1,0
3,Polygonum,virginianum,2,1,2,1,2,1,2,1,2,1,0
3,Liriodendron,tulipifera,2,1,2,1,,0,,0,,0,0
3,Cardamine,pensylvanica,2,1,2,1,,0,,0,,0,0
3,Ostrya,virginiana,2,1,1,1,1,1,2,1,2,1,0
3,Quercus,rubra,,0,,0,2,1,,0,,0,0
3,Fraxinus,sp.,2,1,,0,2,1,2,1,2,1,0
3,VIBURNUM,OPULUS,2,1,,0,2,1,,0,,0,0
3,RUMEX,OBTUSIFOLIUS,2,1,,0,2,1,,0,,0,0
3,POA,TRIVIALIS,1,1,,0,1,1,,0,,0,0
3,Potentilla,simplex,2,1,,0,2,1,,0,,0,0
3,Ranunculus,abortivus,1,1,,0,1,1,1,1,,0,0
3,Podophyllum,peltatum,2,1,,0,2,1,,0,,0,0
3,Viola,sp.,2,1,,0,2,1,,0,,0,0
3,Plantago,sp.,2,1,,0,1,1,,0,2,1,0
3,Carex,swanii,2,1,,0,1,1,2,1,2,1,0
3,Bidens,sp.,2,1,,0,1,1,2,1,,0,0
3,Lindera,benzoin,2,1,,0,5,1,3,1,,0,0
3,Euonymus,obovatus,2,1,,0,2,1,,0,,0,0
3,Fraxinus,americana,,0,,0,3,1,,0,,0,0
3,Tsuga,canadensis,2,1,,0,,0,4,1,3,1,0
3,Unknown,dicot,1,1,,0,,0,1,1,,0,0
3,Acer,sp.,2,1,2,1,2,1,2,1,2,1,0
3,Danthonia,spicata,2,1,,0,,0,1,1,,0,0
3,Prenanthes,sp.,2,1,,0,,0,2,1,,0,0
3,Hedyotis,caerulea,2,1,,0,,0,2,1,2,1,0
3,Mitchella,repens,1,1,,0,,0,,0,1,1,0
3,Viburnum,dentatum,2,1,,0,,0,,0,1,1,0
3,Pyrus,sp.,1,1,,0,,0,,0,2,1,0
3,Sanicula,canadensis,2,1,,0,,0,,0,2,1,0
3,Maianthemum,canadense,2,1,,0,,0,,0,,0,1
3,Crataegus,sp.,1,1,,0,,0,,0,,0,1
3,Unknown,dicot,1,1,,0,,0,,0,,0,1
3,ROSA,MULTIFLORA,2,1,,0,,0,,0,,0,1
3,Circaea,lutetiana,2,1,,0,,0,,0,,0,1
3,Carya,ovata,2,1,,0,,0,,0,,0,1
3,Amelanchier,sp.,,0,,0,,0,,0,,0,1
4,Acer,saccharum,2,1,6,1,6,1,5,1,6,1,0
4,Quercus,sp.,4,1,3,1,2,1,2,1,4,1,0
4,Moss,sp.,2,1,2,1,2,1,2,1,,0,0
4,Podophyllum,peltatum,3,1,3,1,2,1,2,1,3,1,0
4,Acer,sp.,2,1,2,1,2,1,2,1,2,1,0
4,LONICERA,MORROWII,2,1,2,1,2,1,,0,,0,0
4,Smilax,hispida,2,1,2,1,2,1,2,1,,0,0
4,Prunus,serotina,2,1,2,1,2,1,2,1,3,1,0
4,Arisaema,triphyllum,2,1,2,1,2,1,2,1,2,1,0
4,Carex,pensylvanica,3,1,2,1,2,1,3,1,,0,0
4,Fagus,grandifolia,2,1,3,1,3,1,6,1,3,1,0
4,Carpinus,caroliniana,2,1,2,1,5,1,,0,2,1,0
4,Fraxinus,sp.,2,1,2,1,2,1,,0,2,1,0
4,Carya,cordiformis,2,1,1,1,,0,2,1,,0,0
4,Solidago,caesia,2,1,2,1,,0,,0,,0,0
4,Lindera,benzoin,2,1,2,1,2,1,,0,2,1,0
4,Pinus,strobus,1,1,2,1,,0,,0,,0,0
4,Glyceria,striata,2,1,2,1,2,1,1,1,,0,0
4,Circaea,lutetiana,2,1,2,1,2,1,,0,,0,0
4,Senecio,sp.,1,1,1,1,,0,,0,,0,0
4,Parthenocissus,quinquefolia,2,1,,0,2,1,2,1,1,1,0
4,ROSA,MULTIFLORA,2,1,,0,2,1,,0,,0,0
4,Allium,canadense,2,1,,0,1,1,,0,,0,0
4,Conopholis,americana,2,1,,0,2,1,2,1,,0,0
4,Crataegus,sp.,2,1,,0,1,1,1,1,,0,0
4,Impatiens,capensis,1,1,,0,2,1,,0,,0,0
4,Ostrya,virginiana,2,1,,0,2,1,4,1,2,1,0
4,LIGUSTRUM,VULGARE,2,1,,0,2,1,,0,,0,0
4,Geranium,maculatum,2,1,,0,2,1,2,1,,0,0
4,ALLIARIA,PETIOLATA,1,1,,0,1,1,,0,,0,0
4,Vitis,riparia,2,1,,0,1,1,,0,2,1,0
4,VERONICA,OFFICINALIS,2,1,,0,2,1,2,1,,0,0
4,Galium,concinnum,2,1,,0,,0,2,1,,0,0
4,Allium,tricoccum,2,1,,0,,0,2,1,,0,0
4,Carex,digitalis,2,1,,0,,0,2,1,2,1,0
4,Viola,sp.,2,1,,0,,0,2,1,,0,0
4,Polygonatum,pubescens,2,1,,0,,0,1,1,,0,0
4,Amphicarpaea,bracteata,2,1,,0,,0,2,1,,0,0
4,Amelanchier,sp.,2,1,,0,,0,3,1,,0,0
4,Rubus,sp.,2,1,,0,,0,2,1,,0,0
4,Vitis,aestivalis,2,1,,0,,0,1,1,2,1,0
4,Cornus,sp.,1,1,,0,,0,1,1,,0,0
4,Carex,radiata,2,1,,0,,0,2,1,,0,0
4,Cornus,alternifolia,2,1,,0,,0,1,1,1,1,0
4,Aster,lateriflorus,2,1,,0,,0,2,1,,0,0
4,Ulmus,sp.,2,1,,0,,0,,0,1,1,0
4,Prenanthes,sp.,2,1,,0,,0,,0,2,1,0
4,Carya,sp.,1,1,,0,,0,,0,2,1,0
4,Phytolacca,americana,1,1,,0,,0,,0,1,1,0
4,Erechtites,hieracifolia,1,1,,0,,0,,0,1,1,0
4,Fraxinus,pennsylvanica,2,1,,0,,0,,0,3,1,0
4,RHAMNUS,FRANGULA,2,1,,0,,0,,0,,0,1
4,Carex,hirsutella,1,1,,0,,0,,0,,0,1
4,Anemone,quinquefolia,1,1,,0,,0,,0,,0,1
4,Liriodendron,tulipifera,2,1,,0,,0,,0,,0,1
4,Leersia,virginica,2,1,,0,,0,,0,,0,1
4,Anemonella,thalictroides,2,1,,0,,0,,0,,0,1
4,Viola,sp.,2,1,,0,,0,,0,,0,1
4,Toxicodendron,radicans,2,1,,0,,0,,0,,0,1
4,BERBERIS,THUNBERGII,2,1,,0,,0,,0,,0,1
4,LONICERA,MAACKII,2,1,,0,,0,,0,,0,1
4,Mitchella,repens,2,1,,0,,0,,0,,0,1
4,Viburnum,acerifolium,1,1,,0,,0,,0,,0,1
4,Smilax,rotundifolia,2,1,,0,,0,,0,,0,1
4,EUONYMUS,ALATUS,,0,,0,,0,,0,,0,1
4,Prosartes,lanuginosa,1,1,,0,,0,,0,,0,1
5,Caulophyllum,thalictroides,6,1,7,1,4,1,2,1,2,1,0
5,Fraxinus,sp.,3,1,3,1,3,1,2,1,2,1,0
5,Acer,sp.,2,1,2,1,2,1,2,1,2,1,0
5,Geranium,maculatum,2,1,2,1,,0,,0,,0,0
5,Lindera,benzoin,3,1,6,1,3,1,,0,4,1,0
5,Fagus,grandifolia,2,1,2,1,4,1,3,1,2,1,0
5,Fraxinus,pennsylvanica,2,1,2,1,2,1,2,1,,0,0
5,Parthenocissus,quinquefolia,2,1,2,1,2,1,2,1,2,1,0
5,Allium,tricoccum,2,1,2,1,2,1,2,1,2,1,0
5,Trillium,sp.,3,1,2,1,2,1,2,1,2,1,0
5,Sanicula,canadensis,2,1,1,1,2,1,,0,2,1,0
5,Unknown,dicot,1,1,1,1,1,1,,0,,0,0
5,Podophyllum,peltatum,2,1,2,1,2,1,,0,2,1,0
5,Arisaema,triphyllum,2,1,2,1,2,1,2,1,2,1,0
5,Polygonatum,pubescens,2,1,2,1,2,1,2,1,2,1,0
5,Impatiens,capensis,2,1,1,1,,0,,0,,0,0
5,Carya,cordiformis,2,1,1,1,,0,1,1,1,1,0
5,Viola,sp.,2,1,2,1,2,1,,0,,0,0
5,Prunus,serotina,2,1,1,1,,0,1,1,5,1,0
5,Acer,saccharum,2,1,7,1,4,1,4,1,1,1,0
5,Euonymus,obovatus,2,1,1,1,,0,2,1,,0,0
5,Actaea,alba,2,1,2,1,2,1,,0,1,1,0
5,Osmorhiza,claytonii,2,1,1,1,,0,,0,,0,0
5,Hepatica,acutiloba,2,1,2,1,2,1,2,1,1,1,0
5,Hydrophyllum,canadense,2,1,1,1,2,1,2,1,1,1,0
5,Polystichum,acrostichoides,2,1,2,1,2,1,2,1,2,1,0
5,Athyrium,thelypteroides,2,1,2,1,,0,2,1,2,1,0
5,Acer,nigrum,,0,2,1,,0,,0,,0,0
5,Sambucus,canadensis,2,1,2,1,,0,,0,,0,0
5,Carex,plantaginea,2,1,2,1,2,1,2,1,2,1,0
5,Moss,sp.,2,1,2,1,2,1,,0,2,1,0
5,Unknown,dicot,1,1,,0,1,1,,0,,0,0
5,Polygonum,virginianum,2,1,,0,2,1,,0,1,1,0
5,Poa,alsodes,2,1,,0,2,1,,0,,0,0
5,Agrimonia,sp.,1,1,,0,1,1,,0,,0,0
5,Toxicodendron,radicans,1,1,,0,1,1,,0,,0,0
5,Collinsonia,canadensis,2,1,,0,2,1,1,1,,0,0
5,ROSA,MULTIFLORA,1,1,,0,1,1,,0,,0,0
5,Geum,sp.,1,1,,0,1,1,,0,,0,0
5,Galium,triflorum,2,1,,0,1,1,,0,2,1,0
5,Sanguinaria,canadensis,2,1,,0,2,1,1,1,,0,0
5,Ulmus,sp.,1,1,,0,1,1,,0,1,1,0
5,Viburnum,dentatum,1,1,,0,,0,1,1,,0,0
5,Prosartes,lanuginosa,2,1,,0,,0,1,1,1,1,0
5,Viburnum,acerifolium,2,1,,0,,0,2,1,,0,0
5,Ostrya,virginiana,1,1,,0,,0,1,1,1,1,0
5,Solidago,caesia,1,1,,0,,0,1,1,,0,0
5,Polygonatum,biflorum,1,1,,0,,0,1,1,,0,0
5,Tiarella,cordifolia,2,1,,0,,0,2,1,2,1,0
5,Hydrophyllum,virginianum,2,1,,0,,0,2,1,,0,0
5,Quercus,sp.,2,1,,0,,0,1,1,,0,0
5,Aesculus,glabra,2,1,,0,,0,1,1,,0,0
5,Circaea,lutetiana,2,1,,0,,0,,0,2,1,0
5,Liriodendron,tulipifera,1,1,,0,,0,,0,1,1,0
5,Maianthemum,racemosum,1,1,,0,,0,,0,1,1,0
5,Impatiens,pallida,2,1,,0,,0,,0,2,1,0
5,Cornus,alternifolia,2,1,,0,,0,,0,2,1,0
5,Ranunculus,hispidus,2,1,,0,,0,,0,2,1,0
5,Bidens,sp.,1,1,,0,,0,,0,1,1,0
5,Dryopteris,intermedia,1,1,,0,,0,,0,1,1,0
5,Viola,hastata,2,1,,0,,0,,0,,0,1
5,Ulmus,rubra,1,1,,0,,0,,0,1,1,0
5,Juglans,nigra,1,1,,0,,0,,0,,0,1
5,Carpinus,caroliniana,1,1,,0,,0,2,1,,0,0
5,Acer,rubrum,,0,,0,,0,2,1,,0,0
6,Toxicodendron,radicans,6,1,3,1,2,1,,0,,0,0
6,Galium,triflorum,2,1,2,1,2,1,,0,,0,0
6,Ostrya,virginiana,2,1,2,1,4,1,,0,,0,0
6,Moss,sp.,2,1,2,1,2,1,,0,,0,0
6,Panicum,clandestinum,2,1,2,1,2,1,,0,,0,0
6,Carex,sp.,5,1,4,1,3,1,,0,,0,0
6,Amphicarpaea,bracteata,6,1,6,1,5,1,,0,,0,0
6,Aster,umbellatus,1,1,1,1,,0,,0,,0,0
6,Leersia,virginica,2,1,2,1,2,1,,0,,0,0
6,Cryptotaenia,canadensis,6,1,2,1,3,1,,0,,0,0
6,Geum,canadense,2,1,2,1,2,1,,0,,0,0
6,Parthenocissus,quinquefolia,2,1,2,1,2,1,,0,,0,0
6,Polemonium,reptans,2,1,2,1,2,1,,0,,0,0
6,Elymus,riparius,2,1,2,1,,0,,0,,0,0
6,Prunella,vulgaris,1,1,1,1,,0,,0,,0,0
6,Fraxinus,sp.,2,1,2,1,2,1,,0,,0,0
6,Verbesina,alternifolia,7,1,6,1,6,1,,0,,0,0
6,Viola,sp.,2,1,2,1,2,1,,0,,0,0
6,Heliopsis,helianthoides,4,1,4,1,2,1,,0,,0,0
6,Impatiens,capensis,2,1,2,1,2,1,,0,,0,0
6,Clematis,virginiana,2,1,2,1,2,1,,0,,0,0
6,Solidago,gigantea,3,1,2,1,2,1,,0,,0,0
6,Lysimachia,ciliata,6,1,3,1,2,1,,0,,0,0
6,LYSIMACHIA,NUMMULARIA,4,1,4,1,,0,,0,,0,0
6,CELASTRUS,ORBICULATUS,2,1,2,1,2,1,,0,,0,0
6,Aster,lateriflorus,2,1,2,1,2,1,,0,,0,0
6,Sanicula,gregaria,6,1,2,1,3,1,,0,,0,0
6,Equisetum,hyemale,2,1,2,1,2,1,,0,,0,0
6,Thalictrum,dasycarpum,3,1,2,1,2,1,,0,,0,0
6,Carya,sp.,2,1,1,1,2,1,,0,,0,0
6,Zizia,aurea,2,1,1,1,2,1,,0,,0,0
6,Vitis,riparia,2,1,1,1,2,1,,0,,0,0
6,Agrimonia,sp.,1,1,1,1,,0,,0,,0,0
6,Verbena,urticifolia,2,1,2,1,,0,,0,,0,0
6,Elymus,hystrix,3,1,2,1,2,1,,0,,0,0
6,Desmodium,glutinosum,2,1,1,1,2,1,,0,,0,0
6,Viola,sp.,3,1,2,1,2,1,,0,,0,0
6,Solidago,canadensis,2,1,3,1,,0,,0,,0,0
6,Ulmus,sp.,2,1,2,1,,0,,0,,0,0
6,Solidago,patula,2,1,1,1,2,1,,0,,0,0
6,Lycopus,sp.,2,1,2,1,,0,,0,,0,0
6,LONICERA,MORROWII,2,1,6,1,6,1,,0,,0,0
6,Scutellaria,lateriflora,2,1,2,1,,0,,0,,0,0
6,Cinna,arundinacea,2,1,2,1,,0,,0,,0,0
6,Ranunculus,hispidus,2,1,2,1,2,1,,0,,0,0
6,Bidens,sp.,1,1,1,1,,0,,0,,0,0
6,Elymus,villosus,2,1,2,1,2,1,,0,,0,0
6,TUSSILAGO,FARFARA,2,1,2,1,,0,,0,,0,0
6,Aster,cordifolius,2,1,2,1,2,1,,0,,0,0
6,Poaceae,sp.,1,1,1,1,,0,,0,,0,0
6,Unknown,dicot,1,1,1,1,,0,,0,,0,0
6,Rumex,sp.,1,1,1,1,,0,,0,,0,0
6,MICROSTEGIUM,VIMINEUM,2,1,2,1,,0,,0,,0,0
6,Solidago,flexicaulis,2,1,2,1,2,1,,0,,0,0
6,Ribes,cynosbati,2,1,1,1,2,1,,0,,0,0
6,Circaea,lutetiana,3,1,2,1,2,1,,0,,0,0
6,Eupatorium,rugosum,2,1,2,1,,0,,0,,0,0
6,Cornus,alternifolia,2,1,2,1,2,1,,0,,0,0
6,Euonymus,obovatus,2,1,1,1,2,1,,0,,0,0
6,Festuca,subverticillata,2,1,2,1,2,1,,0,,0,0
6,Oxalis,stricta,2,1,2,1,2,1,,0,,0,0
6,ALLIARIA,PETIOLATA,2,1,2,1,2,1,,0,,0,0
6,Polygonatum,biflorum,1,1,1,1,,0,,0,,0,0
6,Symplocarpus,foetidus,2,1,1,1,2,1,,0,,0,0
6,MYOSOTIS,SCORPIOIDES,2,1,2,1,2,1,,0,,0,0
6,Geum,sp.,2,1,2,1,,0,,0,,0,0
6,Allium,tricoccum,2,1,2,1,2,1,,0,,0,0
6,Fraxinus,pennsylvanica,2,1,4,1,3,1,,0,,0,0
6,Carex,amphibola,3,1,2,1,2,1,,0,,0,0
6,Crataegus,sp.,,0,4,1,,0,,0,,0,0
6,Polygonum,virginianum,2,1,2,1,2,1,,0,,0,0
6,Blephilia,hirsuta,2,1,2,1,,0,,0,,0,0
6,Smilax,hispida,2,1,2,1,4,1,,0,,0,0
6,Tilia,americana,2,1,2,1,2,1,,0,,0,0
6,Bromus,pubescens,2,1,2,1,2,1,,0,,0,0
6,Carya,cordiformis,2,1,1,1,2,1,,0,,0,0
6,Juglans,nigra,1,1,1,1,1,1,,0,,0,0
6,HESPERIS,MATRONALIS,1,1,1,1,,0,,0,,0,0
6,Lindera,benzoin,2,1,1,1,2,1,,0,,0,0
6,Lobelia,sp.,1,1,1,1,1,1,,0,,0,0
6,LIGUSTRUM,VULGARE,4,1,3,1,3,1,,0,,0,0
6,TARAXACUM,OFFICINALE,1,1,1,1,,0,,0,,0,0
6,Pilea,pumila,1,1,1,1,,0,,0,,0,0
6,Arisaema,dracontium,2,1,2,1,,0,,0,,0,0
6,Carpinus,caroliniana,2,1,2,1,2,1,,0,,0,0
6,ROSA,MULTIFLORA,4,1,4,1,2,1,,0,,0,0
6,Glyceria,striata,2,1,2,1,,0,,0,,0,0
6,Poaceae,sp.,2,1,2,1,2,1,,0,,0,0
6,Phalaris,arundinacea,2,1,2,1,,0,,0,,0,0
6,Rudbeckia,laciniata,2,1,2,1,,0,,0,,0,0
6,Carex,sp.,3,1,3,1,,0,,0,,0,0
6,CONIUM,MACULATUM,4,1,2,1,,0,,0,,0,0
6,Cornus,sp.,1,1,1,1,,0,,0,,0,0
6,LIGUSTRUM,VULGARE,2,1,,0,2,1,,0,,0,0
6,Caulophyllum,thalictroides,2,1,,0,2,1,,0,,0,0
6,Senecio,obovatus,1,1,,0,2,1,,0,,0,0
6,Rubus,pensylvanicus,2,1,,0,2,1,,0,,0,0
6,Erigeron,annuus,2,1,,0,2,1,,0,,0,0
6,Monarda,fistulosa,2,1,,0,2,1,,0,,0,0
6,Euonymus,atropurpureus,3,1,,0,4,1,,0,,0,0
6,Eupatorium,sp.,1,1,,0,1,1,,0,,0,0
6,Carex,sp.,1,1,,0,1,1,,0,,0,0
6,Agrimonia,pubescens,2,1,,0,2,1,,0,,0,0
6,Poaceae,sp.,2,1,,0,2,1,,0,,0,0
6,Arisaema,triphyllum,2,1,,0,2,1,,0,,0,0
6,Anemone,virginiana,2,1,,0,2,1,,0,,0,0
6,Lactuca,sp.,2,1,,0,2,1,,0,,0,0
6,Hamamelis,virginiana,1,1,,0,1,1,,0,,0,0
6,Podophyllum,peltatum,2,1,,0,2,1,,0,,0,0
6,Cystopteris,protrusa,2,1,,0,2,1,,0,,0,0
6,Viburnum,lentago,2,1,,0,2,1,,0,,0,0
6,PYRUS,MALUS,5,1,,0,4,1,,0,,0,0
6,Viburnum,dentatum,1,1,1,1,,0,,0,,0,0
7,Prunus,serotina,2,1,2,1,2,1,5,1,,0,0
7,Fraxinus,sp.,2,1,2,1,2,1,2,1,2,1,0
7,Fagus,grandifolia,2,1,7,1,2,1,,0,,0,0
7,Acer,rubrum,,0,2,1,2,1,4,1,,0,0
7,Podophyllum,peltatum,5,1,3,1,4,1,3,1,4,1,0
7,Carex,laxiculmis,1,1,1,1,,0,,0,,0,0
7,Quercus,sp.,2,1,1,1,2,1,1,1,,0,0
7,Fraxinus,pennsylvanica,2,1,3,1,4,1,3,1,4,1,0
7,Arisaema,triphyllum,2,1,2,1,2,1,2,1,2,1,0
7,Moss,sp.,2,1,2,1,2,1,2,1,2,1,0
7,Viburnum,acerifolium,2,1,2,1,2,1,,0,,0,0
7,Carex,swanii,2,1,2,1,2,1,2,1,2,1,0
7,Nyssa,sylvatica,2,1,7,1,4,1,3,1,2,1,0
7,Acer,sp.,2,1,1,1,2,1,,0,1,1,0
7,Toxicodendron,radicans,2,1,1,1,,0,,0,2,1,0
7,Viburnum,dentatum,2,1,1,1,1,1,,0,1,1,0
7,Thelypteris,noveboracensis,5,1,4,1,6,1,1,1,6,1,0
7,Carex,pensylvanica,2,1,2,1,,0,,0,,0,0
7,Smilax,rotundifolia,2,1,1,1,2,1,2,1,,0,0
7,Ulmus,sp.,1,1,1,1,,0,,0,,0,0
7,Solidago,caesia,2,1,2,1,,0,,0,,0,0
7,Carex,digitalis,2,1,2,1,2,1,,0,,0,0
7,Sassafras,albidum,2,1,1,1,1,1,2,1,,0,0
7,Pyrus,sp.,2,1,,0,1,1,1,1,1,1,0
7,Carya,sp.,2,1,,0,1,1,,0,1,1,0
7,Liriodendron,tulipifera,1,1,,0,1,1,,0,1,1,0
7,Maianthemum,racemosum,1,1,,0,1,1,,0,,0,0
7,Euonymus,obovatus,1,1,,0,1,1,,0,,0,0
7,Prenanthes,sp.,2,1,,0,2,1,,0,,0,0
7,Polygonatum,biflorum,2,1,,0,2,1,2,1,2,1,0
7,BERBERIS,THUNBERGII,2,1,,0,1,1,3,1,,0,0
7,Mitchella,repens,2,1,,0,2,1,,0,,0,0
7,Carpinus,caroliniana,2,1,,0,2,1,1,1,,0,0
7,Cornus,florida,1,1,,0,1,1,5,1,,0,0
7,Impatiens,sp.,2,1,,0,,0,2,1,,0,0
7,Rubus,hispidus,2,1,,0,,0,2,1,,0,0
7,Viola,sp.,2,1,,0,,0,2,1,2,1,0
7,LONICERA,MAACKII,1,1,,0,,0,1,1,,0,0
7,ROSA,MULTIFLORA,2,1,,0,,0,3,1,2,1,0
7,Potentilla,simplex,2,1,,0,,0,2,1,2,1,0
7,RHAMNUS,FRANGULA,1,1,,0,,0,1,1,,0,0
7,Lindera,benzoin,2,1,,0,,0,2,1,2,1,0
7,Carex,radiata,2,1,,0,,0,1,1,2,1,0
7,Parthenocissus,quinquefolia,2,1,,0,,0,1,1,,0,0
7,Circaea,lutetiana,2,1,,0,,0,2,1,,0,0
7,Ulmus,americana,,0,,0,,0,2,1,,0,0
7,Glyceria,striata,2,1,,0,,0,,0,2,1,0
7,Cinna,arundinacea,2,1,,0,,0,,0,1,1,0
7,Unknown,dicot,1,1,,0,,0,,0,1,1,0
7,Leersia,virginica,2,1,,0,,0,,0,,0,1
7,LIGUSTRUM,VULGARE,2,1,,0,,0,,0,,0,1
7,Crataegus,sp.,1,1,,0,,0,,0,,0,1
7,Unknown,dicot,2,1,,0,,0,,0,,0,1
7,Ranunculus,hispidus,1,1,,0,,0,,0,,0,1
7,Juncus,tenuis,2,1,,0,,0,,0,,0,1
7,Allium,canadense,2,1,,0,,0,,0,,0,1
7,Oxalis,stricta,1,1,,0,,0,,0,,0,1
7,Apocynum,sp.,1,1,,0,,0,,0,,0,1
7,LYSIMACHIA,NUMMULARIA,2,1,,0,,0,,0,,0,1
7,POA,TRIVIALIS,2,1,,0,,0,,0,,0,1
7,TARAXACUM,OFFICINALE,1,1,,0,,0,,0,,0,1
7,Carex,rosea,1,1,,0,,0,,0,,0,1
7,Carex,granularis,1,1,,0,,0,,0,,0,1
7,Scirpus,atrovirens,2,1,,0,,0,,0,,0,1
7,Danthonia,spicata,2,1,,0,,0,,0,,0,1
7,DACTYLIS,GLOMERATA,2,1,,0,,0,,0,,0,1
7,Carex,vulpinoidea,2,1,,0,,0,,0,,0,1
7,Unknown,dicot,2,1,,0,,0,,0,,0,1
7,Onoclea,sensibilis,2,1,,0,,0,,0,,0,1
7,Carex,debilis,2,1,,0,,0,,0,,0,1
8,Acer,sp.,2,1,2,1,2,1,2,1,2,1,0
8,Parthenocissus,quinquefolia,2,1,2,1,2,1,1,1,2,1,0
8,Quercus,sp.,2,1,1,1,2,1,,0,1,1,0
8,Prunus,serotina,2,1,2,1,2,1,,0,1,1,0
8,Dryopteris,carthusiana,2,1,2,1,2,1,2,1,2,1,0
8,Vitis,sp.,2,1,1,1,2,1,,0,,0,0
8,Dryopteris,intermedia,1,1,2,1,,0,,0,,0,0
8,Liriodendron,tulipifera,2,1,2,1,,0,,0,,0,0
8,Lindera,benzoin,2,1,2,1,2,1,2,1,,0,0
8,Moss,sp.,2,1,2,1,2,1,2,1,2,1,0
8,HEDERA,HELIX,1,1,1,1,,0,,0,,0,0
8,Arisaema,triphyllum,2,1,,0,2,1,2,1,2,1,0
8,Allium,tricoccum,2,1,,0,2,1,,0,,0,0
8,Eupatorium,rugosum,1,1,,0,1,1,,0,,0,0
8,Toxicodendron,radicans,1,1,,0,1,1,,0,,0,0
8,Fagus,grandifolia,2,1,,0,2,1,5,1,3,1,0
8,Viola,sp.,2,1,,0,2,1,,0,,0,0
8,Carya,cordiformis,2,1,,0,,0,2,1,2,1,0
8,Tsuga,canadensis,,0,,0,,0,5,1,,0,0
8,Prunus,virginiana,1,1,,0,,0,,0,1,1,0
8,Podophyllum,peltatum,2,1,,0,,0,,0,,0,1
8,Hamamelis,virginiana,2,1,,0,,0,,0,,0,1
9,Osmorhiza,claytonii,2,1,2,1,,0,,0,,0,0
9,Lindera,benzoin,2,1,2,1,,0,,0,2,1,0
9,Polygonum,virginianum,5,1,4,1,4,1,4,1,2,1,0
9,Viola,striata,2,1,3,1,2,1,,0,2,1,0
9,Cryptotaenia,canadensis,5,1,4,1,,0,2,1,6,1,0
9,Circaea,lutetiana,2,1,4,1,2,1,2,1,2,1,0
9,ALLIARIA,PETIOLATA,2,1,3,1,,0,,0,2,1,0
9,Euonymus,obovatus,1,1,2,1,,0,,0,,0,0
9,Ranunculus,hispidus,2,1,2,1,2,1,,0,2,1,0
9,Geum,canadense,2,1,3,1,2,1,2,1,2,1,0
9,Verbesina,alternifolia,3,1,7,1,5,1,6,1,8,1,0
9,Arisaema,triphyllum,2,1,2,1,,0,,0,2,1,0
9,Asimina,triloba,,0,7,1,,0,,0,4,1,0
9,Aster,lateriflorus,2,1,2,1,2,1,2,1,2,1,0
9,ROSA,MULTIFLORA,3,1,5,1,7,1,7,1,5,1,0
9,Elymus,virginicus,2,1,2,1,2,1,,0,2,1,0
9,Parthenocissus,quinquefolia,3,1,2,1,2,1,5,1,2,1,0
9,Sanicula,canadensis,2,1,2,1,2,1,1,1,2,1,0
9,Vitis,riparia,,0,2,1,3,1,1,1,,0,0
9,Acer,negundo,2,1,4,1,3,1,1,1,4,1,0
9,Acer,sp.,1,1,1,1,,0,1,1,1,1,0
9,Allium,tricoccum,2,1,2,1,,0,,0,,0,0
9,Eupatorium,rugosum,2,1,4,1,,0,,0,3,1,0
9,Rubus,occidentalis,2,1,2,1,2,1,2,1,2,1,0
9,Festuca,subverticillata,2,1,2,1,,0,,0,2,1,0
9,Fraxinus,sp.,2,1,1,1,1,1,,0,,0,0
9,Prunus,serotina,2,1,2,1,,0,2,1,,0,0
9,Crataegus,sp.,2,1,4,1,2,1,6,1,2,1,0
9,Carya,sp.,2,1,1,1,,0,2,1,,0,0
9,Toxicodendron,radicans,3,1,2,1,3,1,2,1,2,1,0
9,Poaceae,sp.,4,1,2,1,3,1,,0,3,1,0
9,Moss,sp.,2,1,2,1,2,1,2,1,2,1,0
9,Ribes,cynosbati,2,1,2,1,,0,,0,2,1,0
9,Lysimachia,ciliata,2,1,2,1,3,1,3,1,2,1,0
9,Galium,triflorum,2,1,2,1,2,1,2,1,2,1,0
9,TARAXACUM,OFFICINALE,2,1,2,1,2,1,2,1,2,1,0
9,Ulmus,sp.,2,1,1,1,1,1,1,1,1,1,0
9,Cornus,alternifolia,1,1,2,1,,0,,0,,0,0
9,Pyrus,sp.,2,1,1,1,,0,2,1,,0,0
9,Carex,amphibola,2,1,2,1,2,1,2,1,2,1,0
9,Prunus,virginiana,,0,2,1,,0,2,1,,0,0
9,LYSIMACHIA,NUMMULARIA,4,1,3,1,3,1,5,1,3,1,0
9,HESPERIS,MATRONALIS,2,1,2,1,,0,,0,2,1,0
9,Solidago,canadensis,2,1,2,1,,0,,0,2,1,0
9,Thalictrum,dasycarpum,2,1,2,1,2,1,2,1,,0,0
9,Ulmus,rubra,2,1,2,1,,0,,0,2,1,0
9,Aster,lanceolatus,2,1,2,1,2,1,2,1,,0,0
9,Pilea,pumila,2,1,2,1,,0,2,1,2,1,0
9,Oxalis,stricta,2,1,2,1,2,1,2,1,2,1,0
9,RANUNCULUS,ACRIS,2,1,2,1,1,1,,0,1,1,0
9,Leersia,virginica,2,1,2,1,2,1,2,1,2,1,0
9,Juncus,tenuis,2,1,3,1,2,1,2,1,2,1,0
9,Plantago,rugelii,2,1,2,1,2,1,2,1,2,1,0
9,TRIFOLIUM,REPENS,2,1,2,1,2,1,2,1,2,1,0
9,VERONICA,SERPYLLIFOLIA,2,1,2,1,2,1,2,1,,0,0
9,Carex,radiata,2,1,2,1,,0,,0,,0,0
9,POA,PRATENSIS,2,1,3,1,,0,2,1,2,1,0
9,Poaceae,sp.,2,1,2,1,2,1,2,1,2,1,0
9,CERASTIUM,VULGATUM,1,1,1,1,,0,,0,,0,0
9,DACTYLIS,GLOMERATA,2,1,2,1,,0,2,1,,0,0
9,Carya,cordiformis,2,1,2,1,2,1,3,1,1,1,0
9,Prunella,vulgaris,2,1,2,1,,0,2,1,2,1,0
9,LIGUSTRUM,VULGARE,2,1,,0,,0,,0,2,1,0
9,Allium,canadense,1,1,,0,1,1,,0,1,1,0
9,Impatiens,capensis,2,1,,0,2,1,,0,2,1,0
9,Solidago,gigantea,,0,,0,3,1,2,1,,0,0
9,Impatiens,pallida,2,1,,0,2,1,,0,,0,0
9,Calystegia,sepium,,0,,0,2,1,,0,,0,0
9,Clematis,virginiana,2,1,,0,3,1,2,1,,0,0
9,Carya,ovata,,0,,0,2,1,,0,,0,0
9,Fraxinus,pennsylvanica,2,1,,0,1,1,2,1,2,1,0
9,Rubus,pensylvanicus,2,1,,0,2,1,2,1,,0,0
9,Bidens,sp.,1,1,,0,1,1,,0,,0,0
9,Carex,sp.,2,1,,0,2,1,,0,,0,0
9,Arisaema,dracontium,1,1,,0,2,1,,0,,0,0
9,Cinna,arundinacea,2,1,,0,2,1,,0,,0,0
9,Dryopteris,carthusiana,2,1,,0,2,1,,0,,0,0
9,Agrimonia,parviflora,2,1,,0,3,1,2,1,,0,0
9,Cornus,racemosa,2,1,,0,,0,2,1,,0,0
9,Viburnum,dentatum,1,1,,0,,0,1,1,,0,0
9,Carex,sp.,1,1,,0,,0,1,1,,0,0
9,Viola,sp.,3,1,2,1,2,1,2,1,3,1,0
9,VIBURNUM,OPULUS,1,1,,0,,0,1,1,,0,0
9,Dryopteris,carthusiana,2,1,,0,,0,2,1,1,1,0
9,Elymus,virginicus,2,1,,0,,0,2,1,,0,0
9,Lactuca,sp.,2,1,,0,,0,2,1,,0,0
9,Erigeron,sp.,1,1,,0,,0,1,1,1,1,0
9,Heracleum,lanatum,2,1,,0,,0,2,1,,0,0
9,Smilax,hispida,2,1,,0,,0,,0,2,1,0
9,Elymus,hystrix,2,1,,0,,0,,0,,0,1
9,LONICERA,MORROWII,2,1,,0,,0,,0,,0,1
9,Actaea,alba,2,1,,0,,0,,0,,0,1
9,Hackelia,virginiana,2,1,,0,,0,,0,,0,1
9,Caulophyllum,thalictroides,2,1,,0,,0,,0,,0,1
9,Maianthemum,racemosum,1,1,,0,,0,,0,,0,1
9,Carex,lupulina,2,1,,0,,0,,0,,0,1
9,Clinopodium,vulgare,2,1,,0,,0,,0,,0,1
9,Carex,cristatella,2,1,,0,,0,,0,,0,1
9,Onoclea,sensibilis,2,1,,0,,0,,0,,0,1
9,Agrimonia,gryposepala,2,1,,0,,0,,0,,0,1
9,TORILIS,JAPONICA,1,1,,0,,0,,0,,0,1
9,Glyceria,striata,2,1,,0,,0,,0,,0,1
9,Juglans,nigra,,0,,0,,0,,0,,0,1
9,RHAMNUS,FRANGULA,2,1,,0,,0,,0,,0,1
9,Verbena,urticifolia,1,1,,0,,0,,0,,0,1
9,Polystichum,acrostichoides,2,1,,0,,0,,0,,0,1
9,Ranunculus,recurvatus,1,1,,0,,0,,0,,0,1
9,Rosa,setigera,,0,,0,3,1,,0,,0,0
9,Galium,asprellum,2,1,,0,,0,,0,,0,1
10,Arisaema,triphyllum,2,1,2,1,2,1,2,1,2,1,0
10,LIGUSTRUM,VULGARE,2,1,2,1,2,1,2,1,,0,0
10,ROSA,MULTIFLORA,2,1,2,1,2,1,2,1,,0,0
10,Unknown,dicot,1,1,,0,1,1,,0,,0,0
10,Acer,saccharum,,0,,0,4,1,,0,,0,0
10,Carya,cordiformis,1,1,,0,,0,1,1,,0,0
10,Liriodendron,tulipifera,2,1,,0,,0,1,1,,0,0
10,Fraxinus,sp.,2,1,,0,,0,,0,2,1,0
10,Pyrus,sp.,2,1,,0,,0,,0,,0,1
10,Circaea,lutetiana,2,1,,0,,0,,0,,0,1
10,LONICERA,MORROWII,2,1,,0,,0,,0,,0,1
10,Dryopteris,carthusiana,1,1,,0,,0,,0,,0,1
10,Parthenocissus,quinquefolia,2,1,,0,,0,,0,,0,1
10,Ulmus,americana,2,1,,0,,0,,0,,0,1
10,Toxicodendron,radicans,2,1,,0,,0,,0,,0,1
10,Moss,sp.,1,1,,0,,0,,0,,0,1
10,Prunus,serotina,1,1,,0,,0,,0,,0,1
10,VIBURNUM,OPULUS,1,1,,0,,0,,0,,0,1
10,ALLIARIA,PETIOLATA,1,1,,0,,0,,0,,0,1
10,Erechtites,hieracifolia,1,1,,0,,0,,0,,0,1
11,Acer,sp.,2,1,2,1,2,1,2,1,2,1,0
11,Parthenocissus,quinquefolia,2,1,2,1,2,1,2,1,2,1,0
11,Hamamelis,virginiana,1,1,1,1,,0,,0,,0,0
11,Polystichum,acrostichoides,6,1,4,1,4,1,4,1,4,1,0
11,Fraxinus,sp.,2,1,2,1,2,1,2,1,2,1,0
11,Moss,sp.,2,1,2,1,3,1,2,1,3,1,0
11,Galium,triflorum,2,1,2,1,2,1,2,1,2,1,0
11,Carex,sp.,2,1,2,1,2,1,,0,,0,0
11,Rubus,allegheniensis,2,1,2,1,2,1,2,1,2,1,0
11,ALLIARIA,PETIOLATA,2,1,2,1,2,1,,0,2,1,0
11,LONICERA,MAACKII,2,1,2,1,,0,,0,,0,0
11,Erechtites,hieracifolia,2,1,1,1,1,1,1,1,1,1,0
11,Vitis,sp.,2,1,1,1,2,1,1,1,2,1,0
11,Liriodendron,tulipifera,2,1,2,1,1,1,1,1,2,1,0
11,Acer,saccharum,,0,2,1,4,1,6,1,4,1,0
11,Toxicodendron,radicans,2,1,2,1,2,1,2,1,2,1,0
11,Allium,tricoccum,2,1,2,1,1,1,2,1,2,1,0
11,Quercus,sp.,2,1,1,1,1,1,1,1,1,1,0
11,Fagus,grandifolia,2,1,5,1,4,1,5,1,5,1,0
11,Prunus,serotina,2,1,1,1,1,1,2,1,2,1,0
11,Prenanthes,sp.,2,1,2,1,2,1,2,1,2,1,0
11,Carpinus,caroliniana,2,1,2,1,,0,2,1,2,1,0
11,Tiarella,cordifolia,1,1,1,1,,0,,0,,0,0
11,Poa,alsodes,2,1,1,1,,0,2,1,2,1,0
11,Carya,cordiformis,2,1,1,1,1,1,1,1,1,1,0
11,Viola,sp.,2,1,2,1,2,1,,0,2,1,0
11,Polygonatum,pubescens,1,1,1,1,2,1,,0,,0,0
11,Carex,radiata,2,1,1,1,2,1,2,1,2,1,0
11,Ulmus,sp.,2,1,1,1,1,1,1,1,1,1,0
11,Ranunculus,abortivus,1,1,1,1,,0,1,1,1,1,0
11,Carex,digitalis,2,1,2,1,2,1,2,1,2,1,0
11,Monotropa,uniflora,2,1,1,1,,0,1,1,,0,0
11,Carex,sp.,2,1,2,1,2,1,2,1,,0,0
11,Geum,sp.,2,1,2,1,,0,1,1,,0,0
11,Equisetum,hyemale,2,1,2,1,,0,,0,2,1,0
11,Cornus,sp.,2,1,1,1,1,1,1,1,2,1,0
11,Sanguinaria,canadensis,1,1,1,1,,0,,0,,0,0
11,Geranium,maculatum,2,1,2,1,,0,2,1,2,1,0
11,Viola,sp.,2,1,2,1,,0,,0,,0,0
11,Carex,hirtifolia,2,1,2,1,,0,,0,2,1,0
11,Potentilla,simplex,2,1,2,1,,0,,0,,0,0
11,Carex,amphibola,2,1,2,1,,0,2,1,2,1,0
11,BERBERIS,THUNBERGII,3,1,2,1,2,1,1,1,,0,0
11,Solidago,caesia,2,1,2,1,,0,,0,1,1,0
11,Geum,canadense,2,1,2,1,,0,,0,,0,0
11,Aster,lanceolatus,1,1,1,1,,0,,0,,0,0
11,Podophyllum,peltatum,2,1,1,1,2,1,,0,,0,0
11,Aster,lateriflorus,2,1,1,1,1,1,1,1,1,1,0
11,Crataegus,sp.,2,1,1,1,1,1,2,1,1,1,0
11,Circaea,lutetiana,2,1,1,1,2,1,2,1,2,1,0
11,Leersia,virginica,2,1,,0,2,1,,0,2,1,0
11,Sisyrinchium,sp.,1,1,,0,1,1,,0,,0,0
11,Poaceae,sp.,2,1,,0,2,1,,0,,0,0
11,Lysimachia,ciliata,1,1,,0,1,1,,0,,0,0
11,RHAMNUS,FRANGULA,2,1,,0,2,1,1,1,,0,0
11,Hackelia,virginiana,2,1,,0,2,1,1,1,1,1,0
11,Vitis,aestivalis,2,1,,0,2,1,,0,,0,0
11,Thelypteris,noveboracensis,6,1,,0,7,1,6,1,3,1,0
11,Festuca,subverticillata,2,1,,0,2,1,2,1,,0,0
11,Acer,nigrum,,0,,0,3,1,5,1,,0,0
11,ELAEAGNUS,UMBELLATA,2,1,,0,2,1,,0,,0,0
11,Carex,albursina,2,1,2,1,,0,,0,1,1,0
11,Rubus,sp.,2,1,,0,1,1,,0,,0,0
11,Carex,gracillima,2,1,,0,2,1,2,1,2,1,0
11,Arisaema,triphyllum,2,1,,0,2,1,,0,2,1,0
11,Rubus,occidentalis,1,1,,0,1,1,,0,,0,0
11,Amphicarpaea,bracteata,2,1,,0,2,1,2,1,1,1,0
11,LIGUSTRUM,VULGARE,2,1,,0,2,1,,0,,0,0
11,Cornus,alternifolia,1,1,,0,2,1,,0,,0,0
11,Sanicula,canadensis,2,1,,0,2,1,2,1,2,1,0
11,Galium,triflorum,2,1,,0,,0,1,1,,0,0
11,Carex,laxiculmis,2,1,,0,,0,1,1,2,1,0
11,MICROSTEGIUM,VIMINEUM,1,1,,0,,0,1,1,,0,0
11,Onoclea,sensibilis,2,1,,0,,0,2,1,2,1,0
11,ROSA,MULTIFLORA,2,1,,0,,0,2,1,,0,0
11,Glyceria,striata,2,1,,0,,0,2,1,,0,0
11,Pilea,pumila,1,1,,0,,0,1,1,,0,0
11,Oxalis,stricta,2,1,,0,,0,2,1,,0,0
11,Ranunculus,recurvatus,2,1,,0,,0,,0,2,1,0
11,Unknown,dicot,1,1,,0,,0,,0,1,1,0
11,Viburnum,dentatum,1,1,,0,,0,,0,1,1,0
11,Cornus,florida,,0,,0,,0,,0,4,1,0
11,Osmunda,cinnamomea,2,1,,0,,0,,0,2,1,0
11,Polygonum,virginianum,2,1,,0,,0,,0,1,1,0
11,Carex,swanii,2,1,,0,,0,,0,,0,1
11,Mitchella,repens,2,1,,0,,0,,0,,0,1
11,Maianthemum,racemosum,1,1,,0,,0,,0,,0,1
11,Solidago,flexicaulis,2,1,,0,,0,,0,,0,1
11,EUONYMUS,FORTUNEI,2,1,,0,,0,,0,,0,1
11,VERONICA,OFFICINALIS,2,1,,0,,0,,0,,0,1
11,Eupatorium,rugosum,1,1,,0,,0,,0,,0,1
11,Milium,effusum,2,1,,0,,0,,0,,0,1
11,LONICERA,MORROWII,1,1,,0,,0,,0,,0,1
11,Prunella,vulgaris,1,1,,0,,0,,0,,0,1
11,Agrimonia,sp.,1,1,,0,,0,,0,,0,1
11,Plantago,sp.,1,1,,0,,0,,0,,0,1
11,VIBURNUM,OPULUS,2,1,,0,,0,,0,,0,1
11,Lindera,benzoin,1,1,,0,,0,,0,,0,1
11,Unknown,dicot,1,1,,0,1,1,,0,,0,0
12,Arisaema,triphyllum,2,1,2,1,2,1,2,1,2,1,0
12,Leersia,virginica,1,1,2,1,,0,,0,,0,0
12,Fagus,grandifolia,5,1,6,1,6,1,6,1,7,1,0
12,Lindera,benzoin,2,1,2,1,,0,,0,,0,0
12,Moss,sp.,2,1,2,1,2,1,,0,1,1,0
12,Fraxinus,sp.,2,1,2,1,2,1,2,1,2,1,0
12,Acer,saccharum,,0,4,1,5,1,,0,5,1,0
12,Smilax,rotundifolia,2,1,1,1,1,1,,0,,0,0
12,Acer,sp.,2,1,1,1,,0,2,1,1,1,0
12,Prenanthes,sp.,1,1,,0,2,1,,0,,0,0
12,Vitis,aestivalis,2,1,2,1,2,1,,0,,0,0
12,Quercus,sp.,2,1,,0,1,1,1,1,,0,0
12,Liriodendron,tulipifera,2,1,,0,,0,2,1,,0,0
12,Podophyllum,peltatum,1,1,,0,,0,,0,,0,1
13,Verbesina,alternifolia,8,1,9,1,7,1,8,1,7,1,0
13,Sanicula,gregaria,9,1,9,1,9,1,9,1,9,1,0
13,Toxicodendron,radicans,2,1,2,1,2,1,2,1,2,1,0
13,Eupatorium,rugosum,4,1,4,1,3,1,2,1,2,1,0
13,Circaea,lutetiana,2,1,2,1,2,1,2,1,2,1,0
13,Arisaema,triphyllum,2,1,2,1,2,1,2,1,2,1,0
13,ALLIARIA,PETIOLATA,2,1,2,1,2,1,2,1,2,1,0
13,Polygonum,virginianum,3,1,3,1,2,1,4,1,3,1,0
13,HESPERIS,MATRONALIS,2,1,2,1,2,1,3,1,2,1,0
13,LYSIMACHIA,NUMMULARIA,2,1,2,1,2,1,,0,,0,0
13,Polygonum,sp.,1,1,1,1,,0,,0,,0,0
13,Aesculus,glabra,2,1,3,1,3,1,,0,,0,0
13,Viola,sp.,2,1,2,1,,0,,0,1,1,0
13,Impatiens,capensis,2,1,2,1,2,1,2,1,2,1,0
13,Acer,negundo,2,1,6,1,6,1,,0,8,1,0
13,Viola,pubescens,2,1,2,1,,0,2,1,,0,0
13,Fraxinus,sp.,2,1,2,1,2,1,3,1,2,1,0
13,Ulmus,sp.,1,1,1,1,,0,,0,,0,0
13,Elymus,virginicus,2,1,2,1,,0,,0,,0,0
13,Impatiens,pallida,1,1,2,1,,0,,0,,0,0
13,ROSA,MULTIFLORA,2,1,2,1,2,1,,0,,0,0
13,Aster,lateriflorus,1,1,2,1,,0,,0,,0,0
13,LIGUSTRUM,VULGARE,2,1,2,1,2,1,2,1,,0,0
13,Cryptotaenia,canadensis,2,1,2,1,2,1,,0,2,1,0
13,Moss,sp.,3,1,,0,2,1,,0,4,1,0
13,Prunus,serotina,2,1,,0,3,1,1,1,,0,0
13,Vitis,riparia,2,1,,0,5,1,6,1,5,1,0
13,Ranunculus,sp.,2,1,,0,1,1,1,1,,0,0
13,Elymus,macgregorii,2,1,,0,,0,2,1,,0,0
13,Lindera,benzoin,2,1,,0,,0,2,1,,0,0
13,Trillium,sp.,1,1,,0,,0,1,1,,0,0
13,Carya,sp.,1,1,,0,,0,,0,1,1,0
13,Allium,tricoccum,2,1,,0,,0,,0,2,1,0
13,Fraxinus,pennsylvanica,2,1,,0,,0,,0,2,1,0
13,Sedum,ternatum,1,1,,0,,0,,0,2,1,0
13,Geum,canadense,1,1,,0,,0,,0,1,1,0
13,Prunus,virginiana,2,1,,0,,0,,0,,0,1
13,Fraxinus,americana,,0,,0,,0,,0,,0,1
13,Geranium,maculatum,2,1,,0,,0,,0,,0,1
13,Thalictrum,pubescens,1,1,,0,,0,,0,,0,1
13,Crataegus,sp.,1,1,,0,,0,,0,,0,1
13,Aster,sp.,1,1,,0,,0,,0,,0,1
13,Carya,cordiformis,1,1,,0,,0,,0,,0,1
13,Osmorhiza,longistylis,1,1,,0,,0,,0,,0,1
14,Toxicodendron,radicans,2,1,2,1,2,1,2,1,2,1,0
14,Acer,rubrum,,0,4,1,,0,,0,3,1,0
14,RHAMNUS,FRANGULA,2,1,2,1,1,1,1,1,1,1,0
14,Fagus,grandifolia,2,1,4,1,,0,4,1,2,1,0
14,Quercus,sp.,2,1,1,1,1,1,1,1,1,1,0
14,Liriodendron,tulipifera,1,1,1,1,,0,,0,,0,0
14,Fraxinus,sp.,2,1,2,1,2,1,,0,2,1,0
14,Moss,sp.,2,1,2,1,2,1,2,1,3,1,0
14,Crataegus,sp.,2,1,1,1,,0,,0,,0,0
14,Podophyllum,peltatum,2,1,3,1,2,1,,0,1,1,0
14,Smilax,rotundifolia,5,1,2,1,2,1,2,1,2,1,0
14,Aster,lateriflorus,2,1,1,1,1,1,,0,,0,0
14,Leersia,virginica,2,1,2,1,3,1,2,1,2,1,0
14,Rubus,flagellaris,2,1,2,1,,0,,0,,0,0
14,Polygonum,sagittatum,1,1,1,1,,0,,0,,0,0
14,Carex,radiata,2,1,1,1,,0,,0,,0,0
14,Fraxinus,pennsylvanica,2,1,5,1,,0,2,1,2,1,0
14,Acer,saccharum,,0,4,1,4,1,2,1,4,1,0
14,Arisaema,triphyllum,2,1,2,1,,0,,0,,0,0
14,Carya,sp.,2,1,1,1,1,1,1,1,,0,0
14,Parthenocissus,quinquefolia,2,1,1,1,,0,2,1,2,1,0
14,Mitchella,repens,2,1,2,1,,0,2,1,2,1,0
14,Carpinus,caroliniana,2,1,1,1,4,1,1,1,5,1,0
14,Brachyelytrum,erectum,2,1,2,1,2,1,,0,,0,0
14,Vitis,sp.,2,1,1,1,,0,1,1,2,1,0
14,Prunus,serotina,2,1,1,1,,0,1,1,1,1,0
14,ROSA,MULTIFLORA,2,1,2,1,,0,,0,,0,0
14,Dryopteris,carthusiana,2,1,2,1,,0,,0,,0,0
14,Carex,debilis,2,1,2,1,2,1,2,1,,0,0
14,Quercus,rubra,,0,4,1,,0,,0,,0,0
14,Viola,sp.,2,1,2,1,,0,,0,,0,0
14,Carex,festucacea,2,1,2,1,,0,2,1,,0,0
14,Apocynum,cannabinum,1,1,1,1,,0,,0,,0,0
14,Poa,alsodes,2,1,2,1,2,1,,0,,0,0
14,Juncus,tenuis,2,1,2,1,,0,,0,,0,0
14,Carex,sp.,2,1,,0,2,1,,0,,0,0
14,Oxalis,stricta,2,1,,0,1,1,,0,,0,0
14,Polygonum,sp.,2,1,,0,2,1,,0,,0,0
14,Cinna,arundinacea,2,1,,0,2,1,,0,,0,0
14,Carex,amphibola,2,1,,0,1,1,2,1,,0,0
14,Scirpus,atrovirens,2,1,,0,2,1,,0,,0,0
14,Lindera,benzoin,2,1,,0,,0,2,1,,0,0
14,Pyrus,sp.,1,1,,0,,0,1,1,,0,0
14,Polygonum,virginianum,1,1,,0,,0,,0,1,1,0
14,Galium,sp.,1,1,,0,,0,,0,1,1,0
14,BERBERIS,THUNBERGII,2,1,,0,,0,,0,2,1,0
14,Hackelia,virginiana,1,1,,0,,0,,0,1,1,0
14,Polygonatum,pubescens,2,1,,0,,0,,0,,0,1
14,Maianthemum,racemosum,2,1,,0,,0,,0,,0,1
14,Vaccinium,pallidum,2,1,,0,,0,,0,,0,1
14,Amelanchier,sp.,1,1,,0,,0,,0,,0,1
14,Prenanthes,sp.,2,1,,0,,0,,0,,0,1
14,Sassafras,albidum,2,1,,0,,0,,0,,0,1
14,Hamamelis,virginiana,1,1,,0,,0,,0,,0,1
14,Carex,sp.,2,1,,0,,0,,0,,0,1
14,VERONICA,OFFICINALIS,2,1,,0,,0,,0,,0,1
14,Panicum,lanuginosum,2,1,,0,,0,,0,,0,1
14,Carex,rosea,2,1,,0,,0,,0,,0,1
14,Galium,triflorum,2,1,,0,,0,,0,,0,1
14,Hieracium,sp.,1,1,,0,,0,,0,,0,1
14,Carya,cordiformis,1,1,,0,,0,,0,,0,1
15,Crataegus,sp.,3,1,8,1,7,1,7,1,4,1,0
15,Viola,striata,4,1,5,1,4,1,4,1,3,1,0
15,Galium,triflorum,4,1,3,1,3,1,4,1,4,1,0
15,LYSIMACHIA,NUMMULARIA,5,1,5,1,5,1,4,1,3,1,0
15,Carex,bromoides,6,1,6,1,4,1,3,1,5,1,0
15,Parthenocissus,quinquefolia,2,1,2,1,,0,2,1,2,1,0
15,Cryptotaenia,canadensis,5,1,5,1,4,1,5,1,3,1,0
15,Viola,sp.,2,1,2,1,2,1,2,1,,0,0
15,Thalictrum,pubescens,3,1,4,1,,0,2,1,2,1,0
15,Verbesina,alternifolia,5,1,6,1,5,1,2,1,3,1,0
15,Elymus,riparius,4,1,3,1,4,1,,0,2,1,0
15,ROSA,MULTIFLORA,3,1,3,1,3,1,,0,4,1,0
15,Aster,lateriflorus,3,1,2,1,3,1,2,1,2,1,0
15,Unknown,dicot,1,1,2,1,,0,,0,,0,0
15,Impatiens,capensis,2,1,4,1,2,1,2,1,2,1,0
15,Polygonum,virginianum,3,1,2,1,3,1,4,1,3,1,0
15,Smilax,hispida,3,1,4,1,6,1,3,1,,0,0
15,Lysimachia,ciliata,2,1,2,1,2,1,2,1,2,1,0
15,Caulophyllum,thalictroides,1,1,1,1,,0,,0,,0,0
15,Toxicodendron,radicans,4,1,2,1,2,1,3,1,5,1,0
15,Carex,grayi,2,1,2,1,2,1,2,1,,0,0
15,Geum,canadense,2,1,2,1,2,1,,0,,0,0
15,Sanicula,sp.,3,1,2,1,,0,2,1,3,1,0
15,Cornus,sericea,3,1,3,1,3,1,,0,2,1,0
15,Rubus,occidentalis,2,1,3,1,2,1,,0,,0,0
15,Circaea,lutetiana,1,1,2,1,,0,,0,,0,0
15,Agrimonia,sp.,2,1,2,1,2,1,2,1,2,1,0
15,Monarda,fistulosa,2,1,2,1,2,1,,0,,0,0
15,Rudbeckia,laciniata,2,1,2,1,2,1,2,1,2,1,0
15,Acer,negundo,2,1,2,1,2,1,,0,,0,0
15,Ulmus,americana,,0,3,1,,0,,0,,0,0
15,Amphicarpaea,bracteata,3,1,2,1,3,1,3,1,4,1,0
15,Verbena,urticifolia,2,1,2,1,,0,2,1,,0,0
15,HYPERICUM,PERFORATUM,2,1,2,1,2,1,,0,,0,0
15,Blephilia,hirsuta,3,1,4,1,3,1,,0,,0,0
15,Fraxinus,sp.,2,1,2,1,2,1,,0,2,1,0
15,MYOSOTIS,SCORPIOIDES,5,1,3,1,6,1,2,1,2,1,0
15,Erigeron,annuus,2,1,2,1,2,1,2,1,2,1,0
15,Prunella,vulgaris,2,1,1,1,2,1,2,1,2,1,0
15,Lindera,benzoin,2,1,2,1,,0,3,1,2,1,0
15,Leersia,virginica,2,1,2,1,2,1,,0,,0,0
15,Acer,sp.,2,1,1,1,,0,,0,2,1,0
15,Oxalis,stricta,2,1,,0,2,1,,0,3,1,0
15,Pilea,pumila,1,1,,0,2,1,,0,,0,0
15,Moss,sp.,2,1,,0,2,1,2,1,1,1,0
15,Symplocarpus,foetidus,2,1,,0,2,1,1,1,1,1,0
15,Ranunculus,hispidus,2,1,,0,2,1,,0,1,1,0
15,Eupatorium,maculatum,2,1,,0,2,1,2,1,,0,0
15,Bidens,sp.,1,1,,0,1,1,,0,,0,0
15,Carex,sp.,1,1,,0,1,1,,0,,0,0
15,RHAMNUS,FRANGULA,2,1,,0,2,1,2,1,,0,0
15,RUMEX,OBTUSIFOLIUS,2,1,,0,2,1,,0,,0,0
15,Scirpus,sp.,1,1,,0,1,1,,0,,0,0
15,TARAXACUM,OFFICINALE,2,1,,0,2,1,,0,1,1,0
15,Panicum,sp.,2,1,,0,2,1,2,1,2,1,0
15,Viburnum,dentatum,1,1,,0,1,1,,0,,0,0
15,LIGUSTRUM,VULGARE,2,1,,0,2,1,,0,,0,0
15,Laportea,canadensis,2,1,,0,2,1,,0,,0,0
15,Ribes,cynosbati,2,1,,0,2,1,,0,2,1,0
15,Fagus,grandifolia,2,1,,0,2,1,,0,,0,0
15,FRAGARIA,VESCA,2,1,,0,2,1,2,1,2,1,0
15,Carya,cordiformis,2,1,,0,2,1,,0,,0,0
15,Onoclea,sensibilis,2,1,,0,2,1,,0,,0,0
15,Solidago,sp.,1,1,,0,,0,2,1,,0,0
15,Pyrus,sp.,1,1,,0,,0,1,1,,0,0
15,Unknown,dicot,2,1,,0,,0,2,1,,0,0
15,Carex,sp.,2,1,,0,,0,1,1,,0,0
15,Rubus,pensylvanicus,2,1,,0,,0,2,1,3,1,0
15,Acer,saccharum,2,1,,0,,0,2,1,,0,0
15,Quercus,sp.,2,1,,0,,0,1,1,2,1,0
15,Viburnum,lentago,2,1,,0,,0,4,1,3,1,0
15,Ulmus,sp.,2,1,,0,,0,2,1,2,1,0
15,Carex,sp.,2,1,,0,,0,2,1,2,1,0
15,Erechtites,hieracifolia,2,1,,0,,0,,0,1,1,0
15,Solidago,flexicaulis,2,1,,0,,0,,0,1,1,0
15,Fraxinus,pennsylvanica,,0,,0,4,1,,0,,0,0
16,Parthenocissus,quinquefolia,3,1,3,1,3,1,2,1,4,1,0
16,Polygonum,virginianum,4,1,3,1,2,1,2,1,2,1,0
16,Fraxinus,sp.,2,1,2,1,2,1,2,1,2,1,0
16,ALLIARIA,PETIOLATA,2,1,2,1,3,1,2,1,2,1,0
16,Circaea,lutetiana,2,1,3,1,2,1,2,1,2,1,0
16,ROSA,MULTIFLORA,5,1,6,1,3,1,2,1,3,1,0
16,Prunus,serotina,2,1,2,1,2,1,2,1,3,1,0
16,Eupatorium,rugosum,6,1,2,1,3,1,4,1,6,1,0
16,Fraxinus,pennsylvanica,3,1,2,1,2,1,2,1,2,1,0
16,Acer,negundo,2,1,5,1,6,1,4,1,2,1,0
16,Pyrus,sp.,1,1,1,1,,0,,0,,0,0
16,Ranunculus,recurvatus,1,1,1,1,,0,,0,,0,0
16,Moss,sp.,3,1,3,1,2,1,2,1,3,1,0
16,Asarum,canadense,3,1,2,1,3,1,2,1,2,1,0
16,Cryptotaenia,canadensis,2,1,2,1,,0,,0,,0,0
16,Toxicodendron,radicans,2,1,2,1,2,1,2,1,2,1,0
16,Geum,canadense,2,1,2,1,2,1,2,1,2,1,0
16,Hackelia,virginiana,2,1,2,1,2,1,2,1,2,1,0
16,Ulmus,sp.,2,1,2,1,2,1,2,1,,0,0
16,Verbesina,alternifolia,5,1,3,1,2,1,2,1,2,1,0
16,Acer,sp.,2,1,2,1,,0,,0,,0,0
16,HESPERIS,MATRONALIS,2,1,2,1,2,1,,0,2,1,0
16,Viola,sp.,2,1,2,1,,0,,0,2,1,0
16,Impatiens,capensis,2,1,1,1,1,1,,0,,0,0
16,Thalictrum,dasycarpum,1,1,1,1,,0,,0,,0,0
16,LIGUSTRUM,VULGARE,1,1,,0,,0,,0,,0,1
16,Unknown,dicot,1,1,1,1,,0,1,1,,0,0
16,Arisaema,triphyllum,2,1,2,1,2,1,,0,,0,0
16,Galium,triflorum,2,1,2,1,2,1,2,1,2,1,0
16,Ribes,cynosbati,2,1,2,1,2,1,,0,,0,0
16,Vitis,sp.,1,1,1,1,,0,,0,,0,0
16,Lindera,benzoin,3,1,,0,3,1,3,1,4,1,0
16,Carya,sp.,1,1,,0,1,1,,0,,0,0
16,Crataegus,sp.,1,1,,0,3,1,1,1,,0,0
16,Pilea,pumila,2,1,,0,2,1,,0,2,1,0
16,Fraxinus,americana,,0,,0,4,1,,0,,0,0
16,Carex,sp.,2,1,,0,2,1,,0,,0,0
16,Geranium,maculatum,1,1,,0,1,1,,0,,0,0
16,Osmorhiza,longistylis,1,1,,0,,0,1,1,,0,0
16,Dryopteris,carthusiana,1,1,,0,,0,1,1,,0,0
16,Carya,cordiformis,2,1,,0,,0,2,1,,0,0
16,Carex,sp.,2,1,,0,,0,2,1,,0,0
16,Poa,alsodes,2,1,,0,,0,2,1,2,1,0
16,Carex,sp.,1,1,,0,,0,,0,1,1,0
16,Cinna,arundinacea,2,1,,0,,0,,0,2,1,0
16,Acer,saccharum,2,1,,0,,0,,0,,0,1
16,LYSIMACHIA,NUMMULARIA,2,1,,0,,0,,0,,0,1
16,Asimina,triloba,4,1,,0,,0,,0,,0,1
16,Quercus,sp.,1,1,,0,,0,,0,,0,1
16,Robinia,pseudoacacia,1,1,,0,,0,,0,,0,1
16,Leersia,virginica,1,1,,0,,0,,0,,0,1
16,Acer,nigrum,4,1,,0,,0,,0,,0,1
17,Fagus,grandifolia,5,1,6,1,7,1,8,1,9,1,0
17,Quercus,sp.,3,1,2,1,3,1,2,1,2,1,0
17,Conopholis,americana,3,1,3,1,2,1,,0,3,1,0
17,Acer,sp.,2,1,2,1,2,1,2,1,2,1,0
17,Mitchella,repens,2,1,2,1,2,1,2,1,2,1,0
17,Viburnum,acerifolium,4,1,4,1,2,1,3,1,4,1,0
17,Moss,sp.,5,1,6,1,5,1,2,1,5,1,0
17,Liriodendron,tulipifera,2,1,2,1,2,1,2,1,2,1,0
17,Prenanthes,sp.,3,1,2,1,2,1,2,1,,0,0
17,Solidago,caesia,3,1,2,1,2,1,2,1,2,1,0
17,Carex,digitalis,3,1,2,1,2,1,2,1,2,1,0
17,Polystichum,acrostichoides,3,1,3,1,3,1,3,1,3,1,0
17,Rubus,pensylvanicus,2,1,1,1,,0,,0,,0,0
17,Fraxinus,sp.,2,1,1,1,2,1,2,1,2,1,0
17,Thelypteris,noveboracensis,2,1,2,1,,0,,0,2,1,0
17,Tiarella,cordifolia,2,1,2,1,,0,2,1,3,1,0
17,Carpinus,caroliniana,2,1,2,1,,0,,0,,0,0
17,Bidens,sp.,1,1,1,1,,0,,0,,0,0
17,Carex,laxiflora,2,1,2,1,2,1,2,1,2,1,0
17,Toxicodendron,radicans,2,1,2,1,1,1,2,1,,0,0
17,Galium,triflorum,2,1,1,1,1,1,2,1,,0,0
17,POA,COMPRESSA,2,1,2,1,2,1,1,1,3,1,0
17,Acer,saccharum,,0,4,1,4,1,,0,,0,0
17,Erechtites,hieracifolia,1,1,1,1,1,1,1,1,,0,0
17,Magnolia,acuminata,1,1,1,1,1,1,,0,,0,0
17,Sassafras,albidum,1,1,,0,1,1,1,1,,0,0
17,Epifagus,virginiana,1,1,,0,1,1,,0,,0,0
17,Carya,cordiformis,1,1,,0,1,1,,0,,0,0
17,Ulmus,sp.,2,1,,0,2,1,1,1,1,1,0
17,Lindera,benzoin,2,1,,0,2,1,,0,,0,0
17,Impatiens,capensis,2,1,,0,1,1,,0,,0,0
17,Euonymus,obovatus,2,1,,0,2,1,,0,1,1,0
17,Viola,sp.,2,1,,0,2,1,2,1,,0,0
17,Senecio,obovatus,2,1,,0,2,1,,0,,0,0
17,Poa,alsodes,2,1,,0,2,1,,0,2,1,0
17,Arisaema,triphyllum,2,1,,0,1,1,,0,,0,0
17,Carex,rosea,2,1,,0,2,1,2,1,,0,0
17,Leersia,virginica,2,1,,0,3,1,,0,,0,0
17,Fraxinus,pennsylvanica,2,1,,0,2,1,,0,,0,0
17,Vitis,sp.,1,1,,0,1,1,,0,1,1,0
17,Ulmus,rubra,,0,,0,2,1,,0,,0,0
17,Viola,pubescens,2,1,,0,2,1,,0,,0,0
17,Ranunculus,recurvatus,2,1,,0,1,1,,0,2,1,0
17,Aster,lateriflorus,2,1,,0,1,1,,0,1,1,0
17,Dryopteris,carthusiana,2,1,,0,2,1,,0,,0,0
17,Prosartes,lanuginosa,2,1,,0,1,1,,0,,0,0
17,Amelanchier,sp.,2,1,,0,,0,2,1,,0,0
17,Prunus,serotina,2,1,,0,,0,1,1,1,1,0
17,Hamamelis,virginiana,2,1,,0,,0,1,1,1,1,0
17,Polygonatum,pubescens,2,1,,0,,0,2,1,2,1,0
17,Carex,sp.,2,1,,0,,0,2,1,,0,0
17,Nyssa,sylvatica,1,1,,0,,0,,0,1,1,0
17,Monotropa,uniflora,1,1,,0,,0,,0,1,1,0
17,Osmunda,claytoniana,2,1,,0,,0,,0,2,1,0
17,Luzula,acuminata,2,1,,0,,0,,0,2,1,0
17,Parthenocissus,quinquefolia,1,1,,0,,0,,0,1,1,0
17,ROSA,MULTIFLORA,1,1,,0,,0,,0,1,1,0
17,Anemonella,thalictroides,1,1,,0,,0,,0,2,1,0
17,Crataegus,sp.,1,1,,0,,0,,0,2,1,0
17,Aster,macrophyllus,1,1,,0,,0,,0,1,1,0
17,SORBUS,ACUPARIA,1,1,,0,,0,,0,,0,1
17,Erigeron,annuus,1,1,,0,,0,,0,,0,1
17,RHAMNUS,FRANGULA,1,1,,0,,0,,0,,0,1
17,Aster,lanceolatus,2,1,,0,,0,,0,,0,1
17,Smilax,rotundifolia,2,1,,0,,0,,0,,0,1
17,ALLIARIA,PETIOLATA,2,1,,0,,0,,0,,0,1
17,Ostrya,virginiana,2,1,,0,,0,,0,,0,1
17,VERONICA,OFFICINALIS,2,1,,0,,0,,0,,0,1
17,Onoclea,sensibilis,2,1,,0,,0,,0,,0,1
17,Geranium,maculatum,2,1,,0,,0,,0,,0,1
17,Ranunculus,hispidus,2,1,,0,,0,,0,,0,1
17,Equisetum,arvense,2,1,,0,,0,,0,,0,1
17,Amphicarpaea,bracteata,2,1,,0,,0,,0,,0,1
17,Circaea,lutetiana,2,1,,0,,0,,0,,0,1
17,Polygonum,virginianum,1,1,,0,,0,,0,,0,1
17,Pilea,pumila,1,1,,0,,0,,0,,0,1
17,Acer,rubrum,,0,,0,,0,,0,,0,1
18,Asimina,triloba,5,1,7,1,,0,,0,5,1,0
18,Fraxinus,sp.,3,1,2,1,2,1,6,1,4,1,0
18,Parthenocissus,quinquefolia,2,1,2,1,2,1,2,1,2,1,0
18,Solidago,caesia,2,1,3,1,2,1,2,1,3,1,0
18,Quercus,sp.,2,1,2,1,2,1,2,1,,0,0
18,Toxicodendron,radicans,2,1,2,1,2,1,2,1,3,1,0
18,Vitis,sp.,2,1,2,1,1,1,,0,2,1,0
18,EUONYMUS,ALATUS,2,1,2,1,,0,2,1,2,1,0
18,Aster,lateriflorus,2,1,2,1,,0,2,1,2,1,0
18,Moss,sp.,2,1,3,1,3,1,2,1,3,1,0
18,Acer,sp.,2,1,2,1,2,1,3,1,2,1,0
18,RHAMNUS,FRANGULA,2,1,2,1,2,1,2,1,2,1,0
18,Eupatorium,rugosum,2,1,2,1,2,1,3,1,2,1,0
18,TARAXACUM,OFFICINALE,1,1,1,1,,0,,0,,0,0
18,Pyrus,sp.,1,1,1,1,,0,1,1,,0,0
18,Carya,cordiformis,2,1,1,1,1,1,,0,1,1,0
18,Acer,saccharum,,0,6,1,,0,3,1,6,1,0
18,Allium,canadense,1,1,1,1,,0,,0,,0,0
18,BERBERIS,THUNBERGII,2,1,2,1,2,1,2,1,3,1,0
18,Arisaema,triphyllum,2,1,1,1,,0,2,1,2,1,0
18,Prunus,serotina,2,1,1,1,1,1,2,1,,0,0
18,Hackelia,virginiana,2,1,2,1,,0,,0,,0,0
18,ALLIARIA,PETIOLATA,2,1,2,1,2,1,2,1,2,1,0
18,Prenanthes,sp.,2,1,,0,2,1,,0,1,1,0
18,Ostrya,virginiana,1,1,,0,1,1,,0,,0,0
18,Fagus,grandifolia,1,1,,0,1,1,1,1,,0,0
18,Lindera,benzoin,2,1,,0,1,1,1,1,,0,0
18,Erechtites,hieracifolia,2,1,,0,1,1,1,1,,0,0
18,LIGUSTRUM,VULGARE,2,1,,0,2,1,3,1,5,1,0
18,Taxus,canadensis,1,1,,0,1,1,,0,,0,0
18,ROSA,MULTIFLORA,2,1,,0,2,1,2,1,2,1,0
18,Aster,cordifolius,2,1,,0,2,1,,0,,0,0
18,Prunus,virginiana,2,1,,0,2,1,2,1,,0,0
18,Fraxinus,pennsylvanica,3,1,,0,,0,6,1,1,1,0
18,Circaea,lutetiana,2,1,,0,,0,2,1,2,1,0
18,Polygonum,virginianum,2,1,,0,,0,2,1,2,1,0
18,VIBURNUM,OPULUS,2,1,,0,,0,2,1,,0,0
18,Impatiens,capensis,1,1,,0,,0,1,1,,0,0
18,Vitis,riparia,2,1,,0,,0,2,1,,0,0
18,Actaea,alba,2,1,,0,,0,2,1,,0,0
18,Galium,triflorum,2,1,,0,,0,1,1,,0,0
18,Leersia,virginica,2,1,,0,,0,2,1,,0,0
18,Carex,blanda,2,1,,0,,0,2,1,,0,0
18,Ranunculus,abortivus,1,1,,0,,0,1,1,,0,0
18,Sassafras,albidum,1,1,,0,,0,1,1,,0,0
18,Ulmus,sp.,1,1,,0,,0,1,1,,0,0
18,Rubus,allegheniensis,2,1,,0,,0,2,1,,0,0
18,Carex,tribuloides,2,1,,0,,0,,0,2,1,0
18,Eupatorium,purpureum,1,1,,0,,0,,0,1,1,0
18,Ulmus,americana,,0,,0,,0,,0,2,1,0
18,LONICERA,MORROWII,2,1,,0,,0,2,1,2,1,0
18,Viburnum,acerifolium,1,1,,0,,0,,0,1,1,0
18,Viburnum,dentatum,1,1,,0,,0,,0,1,1,0
18,Rubus,sp.,1,1,,0,,0,,0,1,1,0
18,Allium,tricoccum,2,1,,0,,0,,0,,0,1
18,Carex,debilis,2,1,,0,,0,,0,,0,1
18,Agrostis,perennans,1,1,,0,,0,,0,,0,1
18,Phytolacca,americana,2,1,,0,,0,,0,,0,1
18,Pilea,pumila,2,1,,0,,0,,0,,0,1
18,Monotropa,uniflora,1,1,,0,,0,,0,,0,1
18,Solanum,nigrum,2,1,,0,,0,,0,,0,1
19,Fraxinus,sp.,2,1,2,1,2,1,2,1,2,1,0
19,Prunus,serotina,2,1,2,1,2,1,2,1,2,1,0
19,Euonymus,obovatus,2,1,2,1,2,1,2,1,,0,0
19,Carpinus,caroliniana,2,1,1,1,2,1,2,1,,0,0
19,Viburnum,acerifolium,2,1,2,1,1,1,1,1,2,1,0
19,Acer,saccharum,2,1,6,1,6,1,7,1,8,1,0
19,Arisaema,triphyllum,2,1,2,1,2,1,2,1,2,1,0
19,Fagus,grandifolia,3,1,6,1,7,1,6,1,6,1,0
19,Carex,laxiculmis,2,1,1,1,1,1,1,1,,0,0
19,Prenanthes,sp.,2,1,2,1,,0,2,1,2,1,0
19,Podophyllum,peltatum,2,1,2,1,2,1,,0,2,1,0
19,Carex,sp.,1,1,1,1,,0,,0,,0,0
19,Moss,sp.,2,1,1,1,3,1,4,1,2,1,0
19,Ostrya,virginiana,2,1,1,1,1,1,,0,1,1,0
19,Quercus,sp.,1,1,1,1,,0,,0,,0,0
19,Unknown,dicot,1,1,1,1,,0,,0,,0,0
19,Parthenocissus,quinquefolia,1,1,,0,1,1,,0,,0,0
19,Polygonum,virginianum,1,1,,0,2,1,,0,,0,0
19,Carya,sp.,1,1,,0,1,1,,0,,0,0
19,Geranium,maculatum,2,1,,0,,0,1,1,,0,0
19,Acer,sp.,2,1,,0,,0,1,1,,0,0
19,Carex,sp.,2,1,,0,,0,1,1,1,1,0
19,Aster,sp.,1,1,,0,,0,1,1,,0,0
19,ROSA,MULTIFLORA,2,1,,0,,0,2,1,,0,0
19,Ranunculus,recurvatus,1,1,,0,,0,2,1,,0,0
19,LIGUSTRUM,VULGARE,2,1,,0,,0,3,1,,0,0
19,Viburnum,dentatum,1,1,,0,,0,,0,1,1,0
19,Maianthemum,canadense,1,1,,0,,0,,0,,0,1
19,Smilax,rotundifolia,2,1,,0,,0,,0,,0,1
19,Magnolia,acuminata,2,1,,0,,0,,0,,0,1
19,Nyssa,sylvatica,2,1,,0,,0,,0,,0,1
19,Mitchella,repens,2,1,,0,,0,,0,,0,1
19,Crataegus,sp.,2,1,,0,,0,,0,,0,1
19,EUONYMUS,ALATUS,,0,,0,,0,,0,,0,1
20,ACER,PLATANOIDES,,0,6,1,4,1,6,1,7,1,0
20,Acer,sp.,3,1,3,1,3,1,2,1,2,1,0
20,Vitis,sp.,2,1,2,1,,0,,0,,0,0
20,Fraxinus,sp.,2,1,3,1,3,1,3,1,2,1,0
20,Aster,sp.,3,1,2,1,,0,2,1,,0,0
20,Circaea,lutetiana,3,1,4,1,2,1,2,1,3,1,0
20,Hackelia,virginiana,1,1,1,1,,0,,0,,0,0
20,ALLIARIA,PETIOLATA,2,1,3,1,2,1,2,1,,0,0
20,Geum,canadense,2,1,2,1,2,1,2,1,2,1,0
20,Eupatorium,rugosum,2,1,6,1,2,1,5,1,5,1,0
20,Moss,sp.,2,1,2,1,3,1,3,1,2,1,0
20,Unknown,dicot,3,1,3,1,2,1,2,1,3,1,0
20,Tilia,americana,1,1,1,1,,0,2,1,,0,0
20,Fraxinus,pennsylvanica,3,1,6,1,7,1,,0,5,1,0
20,Carya,cordiformis,2,1,2,1,,0,,0,,0,0
20,Erechtites,hieracifolia,2,1,2,1,2,1,,0,,0,0
20,Oxalis,stricta,2,1,2,1,2,1,,0,,0,0
20,Polygonum,virginianum,2,1,3,1,2,1,2,1,3,1,0
20,Quercus,sp.,2,1,2,1,2,1,,0,1,1,0
20,SOLANUM,DULCAMARA,2,1,1,1,2,1,2,1,1,1,0
20,Arisaema,triphyllum,3,1,2,1,2,1,,0,1,1,0
20,Rubus,occidentalis,1,1,2,1,,0,1,1,,0,0
20,TARAXACUM,OFFICINALE,2,1,1,1,,0,2,1,,0,0
20,Parthenocissus,quinquefolia,2,1,1,1,2,1,2,1,,0,0
20,Vitis,riparia,2,1,2,1,2,1,,0,,0,0
20,Liriodendron,tulipifera,2,1,1,1,1,1,1,1,1,1,0
20,Solidago,caesia,2,1,,0,2,1,,0,,0,0
20,Aster,lateriflorus,2,1,,0,2,1,2,1,2,1,0
20,Ulmus,sp.,2,1,,0,1,1,2,1,,0,0
20,Polystichum,acrostichoides,2,1,,0,2,1,,0,,0,0
20,Toxicodendron,radicans,2,1,,0,2,1,2,1,,0,0
20,Prunus,serotina,1,1,,0,1,1,,0,,0,0
20,Acer,negundo,2,1,,0,1,1,2,1,2,1,0
20,Lindera,benzoin,2,1,,0,3,1,2,1,,0,0
20,Acer,saccharum,,0,,0,2,1,2,1,2,1,0
20,Galium,sp.,1,1,,0,1,1,,0,,0,0
20,Juncus,tenuis,2,1,,0,1,1,,0,2,1,0
20,TRIFOLIUM,REPENS,2,1,,0,2,1,,0,,0,0
20,TUSSILAGO,FARFARA,5,1,,0,2,1,3,1,6,1,0
20,Epilobium,coloratum,2,1,,0,,0,,0,1,1,0
20,Solidago,canadensis,1,1,,0,,0,1,1,,0,0
20,Epilobium,sp.,2,1,,0,,0,1,1,,0,0
20,Bidens,sp.,2,1,,0,,0,2,1,,0,0
20,DUCHESNEA,INDICA,2,1,,0,,0,2,1,3,1,0
20,Aesculus,glabra,2,1,,0,,0,,0,3,1,0
20,Cercis,canadensis,2,1,,0,,0,,0,2,1,0
20,Podophyllum,peltatum,2,1,,0,,0,2,1,,0,0
20,Aster,cordifolius,2,1,,0,,0,2,1,,0,0
20,Carex,annectens,2,1,,0,2,1,,0,,0,0
20,Pilea,pumila,1,1,,0,,0,,0,1,1,0
20,Carpinus,caroliniana,2,1,,0,,0,,0,,0,1
20,Euonymus,obovatus,2,1,,0,,0,,0,,0,1
20,Rubus,pensylvanicus,2,1,,0,,0,,0,,0,1
20,MORUS,ALBA,2,1,,0,,0,,0,,0,1
20,CIRSIUM,ARVENSE,2,1,,0,,0,,0,,0,1
20,Leersia,virginica,3,1,,0,,0,,0,,0,1
20,LONICERA,MORROWII,2,1,,0,,0,,0,,0,1
20,Elymus,hystrix,2,1,,0,,0,,0,,0,1
20,Ranunculus,abortivus,1,1,,0,,0,,0,,0,1
20,Ranunculus,recurvatus,2,1,,0,,0,,0,,0,1
20,ARCTIUM,LAPPA,2,1,,0,2,1,,0,,0,0
20,Unknown,dicot,1,1,,0,,0,,0,,0,1
20,Polygonatum,pubescens,1,1,,0,,0,,0,,0,1
20,Ulmus,americana,,0,,0,,0,,0,,0,1
20,POA,TRIVIALIS,2,1,,0,,0,,0,,0,1
20,Verbena,urticifolia,1,1,,0,,0,,0,,0,1
20,RHAMNUS,FRANGULA,1,1,,0,,0,,0,,0,1
20,Poaceae,sp.,2,1,,0,,0,,0,,0,1
20,Cornus,sp.,1,1,,0,,0,,0,,0,1
20,LIGUSTRUM,VULGARE,,0,,0,,0,,0,,0,1
21,Acer,sp.,6,1,6,1,6,1,5,1,6,1,0
21,Fagus,grandifolia,2,1,6,1,7,1,8,1,7,1,0
21,Viburnum,acerifolium,2,1,1,1,2,1,2,1,2,1,0
21,Fraxinus,sp.,2,1,1,1,2,1,2,1,2,1,0
21,Polygonatum,pubescens,2,1,1,1,,0,,0,2,1,0
21,Smilax,rotundifolia,2,1,,0,2,1,,0,,0,0
21,Mitchella,repens,2,1,2,1,2,1,,0,,0,0
21,Epifagus,virginiana,2,1,1,1,2,1,,0,,0,0
21,Carya,sp.,2,1,1,1,2,1,4,1,,0,0
21,Acer,saccharum,2,1,6,1,,0,2,1,4,1,0
21,Fraxinus,pennsylvanica,2,1,,0,,0,,0,3,1,0
21,Prunus,serotina,1,1,,0,,0,,0,,0,1
21,Quercus,sp.,1,1,1,1,,0,,0,,0,0
21,Podophyllum,peltatum,2,1,2,1,,0,2,1,,0,0
21,Moss,sp.,2,1,,0,,0,2,1,2,1,0
21,Carya,cordiformis,2,1,,0,,0,1,1,,0,0
21,Euonymus,obovatus,1,1,,0,,0,,0,,0,1
21,Unknown,dicot,2,1,,0,,0,,0,2,1,0
21,Solidago,caesia,2,1,,0,,0,,0,2,1,0
21,Poa,alsodes,2,1,,0,,0,,0,2,1,0
21,Carex,digitalis,2,1,,0,,0,,0,2,1,0
21,Sassafras,albidum,1,1,1,1,,0,,0,,0,0
21,Ostrya,virginiana,2,1,,0,,0,,0,4,1,0
21,Carex,swanii,2,1,,0,,0,,0,2,1,0
21,Leersia,virginica,2,1,,0,,0,,0,2,1,0
21,Impatiens,capensis,2,1,,0,,0,,0,2,1,0
21,Polygonum,virginianum,2,1,,0,,0,,0,2,1,0
21,Geum,sp.,2,1,,0,,0,,0,2,1,0
21,Aster,lateriflorus,2,1,,0,,0,,0,2,1,0
21,Galium,sp.,1,1,,0,,0,,0,1,1,0
21,Dryopteris,carthusiana,2,1,,0,,0,,0,2,1,0
21,Solidago,rugosa,,0,,0,,0,,0,,0,1
21,CELASTRUS,ORBICULATUS,1,1,,0,,0,,0,,0,1
21,Geum,canadense,2,1,,0,,0,,0,,0,1
21,Oxalis,stricta,2,1,,0,,0,,0,,0,1
21,Toxicodendron,radicans,2,1,,0,,0,,0,,0,1
21,Tilia,americana,2,1,,0,,0,,0,,0,1
21,Potentilla,simplex,2,1,,0,,0,,0,,0,1
21,Agrostis,perennans,2,1,,0,,0,,0,,0,1
21,Carpinus,caroliniana,2,1,,0,,0,,0,,0,1
21,Carya,ovata,,0,,0,,0,,0,,0,1
21,Nyssa,sylvatica,,0,,0,,0,,0,,0,1
21,Crataegus,sp.,2,1,,0,,0,,0,,0,1
21,Quercus,rubra,,0,,0,,0,,0,,0,1
21,Monotropa,uniflora,1,1,,0,,0,,0,,0,1
21,Prenanthes,sp.,2,1,,0,,0,,0,,0,1
22,LONICERA,MORROWII,2,1,4,1,4,1,6,1,3,1,0
22,Solidago,flexicaulis,4,1,5,1,4,1,4,1,4,1,0
22,Elymus,hystrix,3,1,4,1,2,1,2,1,2,1,0
22,Parthenocissus,quinquefolia,4,1,5,1,3,1,3,1,5,1,0
22,Amphicarpaea,bracteata,7,1,9,1,7,1,6,1,7,1,0
22,DACTYLIS,GLOMERATA,2,1,3,1,,0,,0,2,1,0
22,Viola,pubescens,3,1,3,1,3,1,3,1,3,1,0
22,Aster,cordifolius,2,1,3,1,2,1,,0,2,1,0
22,Panicum,latifolium,4,1,4,1,5,1,3,1,3,1,0
22,Ranunculus,hispidus,2,1,3,1,2,1,,0,,0,0
22,Geum,canadense,3,1,3,1,3,1,,0,2,1,0
22,Geum,sp.,2,1,3,1,2,1,2,1,2,1,0
22,Sanicula,gregaria,2,1,2,1,,0,,0,,0,0
22,LIGUSTRUM,VULGARE,2,1,2,1,2,1,,0,,0,0
22,Fraxinus,sp.,2,1,2,1,,0,1,1,2,1,0
22,Leersia,virginica,5,1,3,1,6,1,7,1,3,1,0
22,Verbesina,alternifolia,2,1,4,1,4,1,,0,4,1,0
22,Carex,amphibola,5,1,4,1,4,1,3,1,2,1,0
22,Galium,triflorum,3,1,4,1,3,1,,0,3,1,0
22,Thaspium,barbinode,2,1,4,1,,0,,0,,0,0
22,Solidago,canadensis,2,1,4,1,3,1,,0,2,1,0
22,Viola,sp.,2,1,2,1,,0,2,1,2,1,0
22,Polygonum,virginianum,5,1,3,1,4,1,6,1,3,1,0
22,Senecio,obovatus,2,1,2,1,,0,3,1,3,1,0
22,Acer,sp.,2,1,2,1,,0,,0,,0,0
22,Lindera,benzoin,2,1,2,1,2,1,,0,,0,0
22,TARAXACUM,OFFICINALE,2,1,1,1,1,1,1,1,1,1,0
22,Aster,lateriflorus,2,1,2,1,,0,,0,2,1,0
22,Carya,cordiformis,2,1,2,1,2,1,2,1,2,1,0
22,ROSA,MULTIFLORA,4,1,4,1,5,1,6,1,2,1,0
22,Prunus,virginiana,2,1,2,1,,0,2,1,2,1,0
22,Carex,annectens,2,1,2,1,,0,1,1,2,1,0
22,Elymus,riparius,5,1,5,1,4,1,5,1,4,1,0
22,Toxicodendron,radicans,2,1,3,1,3,1,2,1,2,1,0
22,Circaea,lutetiana,2,1,2,1,2,1,2,1,2,1,0
22,Agrimonia,gryposepala,2,1,2,1,,0,,0,2,1,0
22,Viburnum,dentatum,2,1,2,1,,0,,0,,0,0
22,Poaceae,sp.,2,1,1,1,,0,,0,,0,0
22,Solidago,gigantea,2,1,4,1,2,1,2,1,2,1,0
22,Lysimachia,ciliata,2,1,2,1,2,1,2,1,,0,0
22,Unknown,dicot,2,1,2,1,2,1,,0,2,1,0
22,Laportea,canadensis,3,1,3,1,2,1,,0,,0,0
22,Moss,sp.,2,1,2,1,2,1,2,1,2,1,0
22,Poaceae,sp.,2,1,2,1,,0,,0,,0,0
22,Rudbeckia,laciniata,1,1,1,1,,0,,0,,0,0
22,Carex,hirtifolia,3,1,2,1,,0,,0,,0,0
22,Eupatorium,rugosum,2,1,2,1,,0,,0,,0,0
22,Heliopsis,helianthoides,2,1,3,1,3,1,,0,,0,0
22,Allium,tricoccum,2,1,2,1,,0,,0,,0,0
22,Juglans,nigra,2,1,2,1,,0,,0,,0,0
22,LIGUSTRUM,VULGARE,2,1,3,1,,0,,0,,0,0
22,CELASTRUS,ORBICULATUS,2,1,2,1,,0,,0,,0,0
22,Cornus,racemosa,2,1,2,1,2,1,,0,2,1,0
22,Anemone,virginiana,2,1,2,1,,0,,0,,0,0
22,Solidago,patula,2,1,2,1,2,1,2,1,,0,0
22,Allium,canadense,2,1,1,1,,0,,0,,0,0
22,Oxalis,stricta,2,1,2,1,,0,3,1,2,1,0
22,Iris,sp.,2,1,2,1,2,1,,0,,0,0
22,Phalaris,arundinacea,2,1,2,1,2,1,,0,,0,0
22,Ulmus,americana,,0,4,1,5,1,,0,,0,0
22,Crataegus,sp.,2,1,4,1,,0,,0,,0,0
22,Festuca,subverticillata,2,1,,0,2,1,,0,,0,0
22,Cinna,arundinacea,3,1,,0,3,1,4,1,2,1,0
22,Solidago,rugosa,2,1,,0,3,1,,0,,0,0
22,Clematis,virginiana,2,1,,0,2,1,,0,,0,0
22,Impatiens,capensis,2,1,,0,2,1,,0,,0,0
22,Pilea,pumila,2,1,,0,2,1,3,1,,0,0
22,Glyceria,striata,1,1,,0,1,1,,0,,0,0
22,Bidens,sp.,2,1,,0,2,1,,0,,0,0
22,Polemonium,reptans,2,1,,0,2,1,,0,2,1,0
22,Erechtites,hieracifolia,1,1,,0,1,1,,0,,0,0
22,Vitis,sp.,1,1,,0,1,1,,0,,0,0
22,Verbena,urticifolia,2,1,,0,2,1,,0,,0,0
22,Plantago,sp.,1,1,,0,1,1,,0,,0,0
22,Monarda,clinopodia,2,1,,0,2,1,,0,,0,0
22,Eupatorium,purpureum,,0,,0,2,1,,0,,0,0
22,Lactuca,sp.,2,1,,0,2,1,,0,,0,0
22,Desmodium,sp.,2,1,,0,2,1,,0,,0,0
22,LYSIMACHIA,NUMMULARIA,2,1,,0,2,1,2,1,,0,0
22,Ulmus,sp.,2,1,,0,,0,2,1,2,1,0
22,TUSSILAGO,FARFARA,2,1,,0,,0,1,1,,0,0
22,Acer,nigrum,,0,,0,,0,3,1,2,1,0
22,Prunus,serotina,2,1,,0,,0,4,1,3,1,0
22,Vitis,riparia,3,1,,0,,0,2,1,,0,0
22,Carex,sp.,3,1,,0,,0,3,1,,0,0
22,Prunella,vulgaris,2,1,,0,,0,2,1,,0,0
22,Sanguinaria,canadensis,2,1,,0,,0,2,1,2,1,0
22,Pinus,strobus,1,1,,0,,0,1,1,,0,0
22,ALLIARIA,PETIOLATA,2,1,,0,,0,2,1,2,1,0
22,Polygonum,hydropiperoides,1,1,,0,,0,1,1,,0,0
22,Liriodendron,tulipifera,1,1,,0,,0,1,1,,0,0
22,Pyrus,sp.,2,1,,0,,0,,0,1,1,0
22,Rubus,occidentalis,2,1,,0,,0,,0,2,1,0
22,EUONYMUS,ALATUS,2,1,,0,,0,,0,2,1,0
22,Hackelia,virginiana,2,1,,0,,0,,0,,0,1
22,HESPERIS,MATRONALIS,1,1,,0,,0,,0,,0,1
22,Agrimonia,parviflora,2,1,,0,,0,,0,,0,1
22,Rubus,pensylvanicus,2,1,,0,,0,,0,,0,1
22,Hypericum,punctatum,2,1,,0,,0,,0,,0,1
22,Agrimonia,gryposepala,2,1,,0,,0,,0,,0,1
22,VIBURNUM,OPULUS,2,1,,0,,0,,0,,0,1
22,Desmodium,paniculatum,2,1,,0,,0,,0,,0,1
22,Epilobium,sp.,1,1,,0,,0,,0,,0,1
22,Equisetum,arvense,2,1,,0,,0,,0,,0,1
22,Smilax,hispida,2,1,,0,,0,,0,,0,1
22,Onoclea,sensibilis,1,1,,0,,0,,0,,0,1
22,Euonymus,obovatus,2,1,,0,,0,,0,,0,1
22,Cryptotaenia,canadensis,2,1,,0,,0,,0,,0,1
22,Fraxinus,pennsylvanica,2,1,,0,,0,,0,,0,1
22,Unknown,dicot,2,1,,0,2,1,2,1,,0,0
23,Fagus,grandifolia,2,1,7,1,7,1,6,1,5,1,0
23,Prunus,serotina,2,1,2,1,2,1,2,1,2,1,0
23,RHAMNUS,FRANGULA,2,1,1,1,,0,1,1,2,1,0
23,Carex,swanii,3,1,2,1,2,1,2,1,3,1,0
23,Carex,digitalis,2,1,2,1,2,1,,0,2,1,0
23,Amelanchier,sp.,2,1,1,1,1,1,,0,1,1,0
23,Acer,sp.,2,1,2,1,2,1,2,1,2,1,0
23,Maianthemum,canadense,2,1,2,1,2,1,2,1,2,1,0
23,Quercus,sp.,2,1,2,1,,0,1,1,,0,0
23,Moss,sp.,2,1,2,1,2,1,2,1,2,1,0
23,Sassafras,albidum,2,1,2,1,1,1,2,1,1,1,0
23,Erechtites,hieracifolia,2,1,1,1,,0,,0,1,1,0
23,Vitis,sp.,2,1,1,1,1,1,,0,2,1,0
23,Rubus,pensylvanicus,2,1,2,1,,0,,0,2,1,0
23,Mitchella,repens,2,1,2,1,2,1,,0,,0,0
23,Ostrya,virginiana,1,1,3,1,1,1,,0,2,1,0
23,Toxicodendron,radicans,1,1,,0,1,1,,0,,0,0
23,Carpinus,caroliniana,2,1,,0,4,1,,0,,0,0
23,Nyssa,sylvatica,1,1,,0,1,1,,0,,0,0
23,Danthonia,spicata,2,1,,0,1,1,,0,2,1,0
23,Panicum,lanuginosum,2,1,,0,,0,2,1,,0,0
23,Rubus,allegheniensis,3,1,,0,,0,1,1,3,1,0
23,Euthamia,graminifolia,2,1,,0,,0,1,1,2,1,0
23,Pinus,sp.,2,1,,0,,0,2,1,2,1,0
23,Potentilla,simplex,2,1,,0,,0,1,1,,0,0
23,Rubus,sp.,2,1,,0,,0,,0,1,1,0
23,Carex,communis,2,1,,0,,0,,0,2,1,0
23,PHLEUM,PRATENSE,2,1,,0,,0,,0,2,1,0
23,POA,PRATENSIS,2,1,,0,,0,,0,2,1,0
23,VERONICA,OFFICINALIS,2,1,,0,,0,,0,2,1,0
23,Acer,saccharum,,0,,0,,0,,0,3,1,0
23,TARAXACUM,OFFICINALE,2,1,,0,,0,,0,2,1,0
23,Epifagus,virginiana,1,1,,0,,0,,0,,0,1
23,Podophyllum,peltatum,2,1,,0,,0,,0,,0,1
23,Fraxinus,sp.,2,1,,0,,0,,0,,0,1
23,Hieracium,sp.,2,1,,0,,0,,0,,0,1
23,Acer,rubrum,,0,,0,,0,,0,,0,1
23,BERBERIS,THUNBERGII,1,1,,0,,0,,0,,0,1
23,AGROSTIS,GIGANTEA,2,1,,0,,0,,0,,0,1
24,Moss,sp.,2,1,2,1,2,1,2,1,2,1,0
24,Nyssa,sylvatica,2,1,3,1,,0,,0,2,1,0
24,Prunus,serotina,2,1,2,1,2,1,2,1,2,1,0
24,Quercus,sp.,2,1,2,1,1,1,2,1,2,1,0
24,Smilax,rotundifolia,5,1,3,1,3,1,3,1,4,1,0
24,Sassafras,albidum,2,1,2,1,2,1,2,1,2,1,0
24,Acer,sp.,2,1,2,1,2,1,2,1,2,1,0
24,Vitis,sp.,2,1,2,1,,0,,0,,0,0
24,Acer,rubrum,,0,5,1,4,1,4,1,6,1,0
24,Amelanchier,sp.,2,1,,0,4,1,1,1,2,1,0
24,Liriodendron,tulipifera,1,1,,0,1,1,,0,,0,0
24,Carex,sp.,1,1,,0,,0,,0,,0,1
24,Monotropa,uniflora,1,1,,0,,0,1,1,,0,0
24,Vaccinium,pallidum,2,1,,0,,0,,0,2,1,0
24,Quercus,alba,,0,,0,,0,,0,,0,1
24,Fagus,grandifolia,,0,,0,,0,,0,,0,1
24,RHAMNUS,FRANGULA,1,1,,0,1,1,,0,,0,0
24,Rubus,sp.,,0,,0,,0,,0,,0,1
24,Carya,cordiformis,,0,,0,,0,,0,,0,1
25,Carpinus,caroliniana,2,1,3,1,,0,1,1,5,1,0
25,Liriodendron,tulipifera,2,1,4,1,3,1,2,1,2,1,0
25,Moss,sp.,2,1,2,1,2,1,2,1,2,1,0
25,Quercus,sp.,2,1,2,1,2,1,1,1,1,1,0
25,Crataegus,sp.,2,1,2,1,1,1,1,1,,0,0
25,Vitis,sp.,2,1,2,1,1,1,1,1,2,1,0
25,Erechtites,hieracifolia,1,1,1,1,,0,,0,,0,0
25,Poaceae,sp.,2,1,2,1,1,1,,0,,0,0
25,Poaceae,sp.,1,1,2,1,1,1,,0,,0,0
25,Sassafras,albidum,1,1,1,1,,0,,0,5,1,0
25,Conopholis,americana,2,1,2,1,2,1,2,1,2,1,0
25,Leersia,virginica,1,1,1,1,1,1,,0,,0,0
25,Toxicodendron,radicans,1,1,2,1,,0,,0,,0,0
25,Prunus,serotina,2,1,2,1,2,1,2,1,2,1,0
25,Podophyllum,peltatum,2,1,2,1,2,1,,0,,0,0
25,Fagus,grandifolia,,0,6,1,5,1,6,1,4,1,0
25,Rubus,sp.,1,1,1,1,,0,,0,,0,0
25,Carex,laxiculmis,1,1,1,1,,0,,0,,0,0
25,Prenanthes,sp.,1,1,,0,1,1,1,1,,0,0
25,Acer,sp.,2,1,,0,1,1,1,1,1,1,0
25,Acer,rubrum,,0,,0,5,1,4,1,,0,0
25,Magnolia,acuminata,,0,,0,5,1,,0,,0,0
25,Smilax,rotundifolia,2,1,,0,3,1,2,1,2,1,0
25,Vaccinium,pallidum,2,1,,0,2,1,2,1,,0,0
25,Carex,rosea,2,1,,0,1,1,,0,,0,0
25,Mitchella,repens,1,1,,0,1,1,1,1,1,1,0
25,Hamamelis,virginiana,2,1,,0,4,1,4,1,,0,0
25,Vaccinium,angustifolium,1,1,,0,,0,1,1,,0,0
25,Unknown,dicot,1,1,,0,,0,1,1,,0,0
25,Thelypteris,noveboracensis,2,1,,0,,0,,0,2,1,0
25,Nyssa,sylvatica,,0,,0,,0,,0,3,1,0
25,Polygonatum,biflorum,1,1,,0,,0,,0,1,1,0
25,Amelanchier,sp.,,0,,0,,0,,0,,0,1
25,Glyceria,striata,1,1,,0,,0,,0,,0,1
25,Oxalis,stricta,1,1,,0,,0,,0,,0,1
25,Galium,triflorum,2,1,,0,,0,,0,,0,1
25,TARAXACUM,OFFICINALE,1,1,,0,,0,,0,,0,1
25,Danthonia,spicata,1,1,,0,,0,,0,,0,1
25,Senecio,sp.,1,1,,0,,0,,0,,0,1
25,Geum,sp.,1,1,,0,,0,,0,,0,1
25,Viburnum,acerifolium,1,1,,0,,0,,0,1,1,0
26,Acer,saccharum,,0,4,1,6,1,5,1,4,1,0
26,Ranunculus,hispidus,4,1,3,1,3,1,3,1,3,1,0
26,Carex,sp.,3,1,3,1,,0,2,1,,0,0
26,Polygonum,virginianum,2,1,2,1,2,1,2,1,,0,0
26,Solidago,flexicaulis,4,1,4,1,3,1,2,1,,0,0
26,Circaea,lutetiana,2,1,2,1,2,1,2,1,2,1,0
26,Galium,triflorum,2,1,2,1,,0,,0,,0,0
26,Ulmus,sp.,2,1,2,1,2,1,1,1,2,1,0
26,Fraxinus,sp.,4,1,3,1,3,1,3,1,3,1,0
26,Acer,sp.,2,1,2,1,2,1,2,1,2,1,0
26,Lindera,benzoin,4,1,3,1,3,1,3,1,,0,0
26,Allium,tricoccum,2,1,2,1,2,1,2,1,2,1,0
26,Geranium,maculatum,2,1,2,1,2,1,2,1,2,1,0
26,Hydrophyllum,canadense,3,1,2,1,2,1,2,1,2,1,0
26,Moss,sp.,6,1,4,1,6,1,6,1,2,1,0
26,Carex,plantaginea,2,1,3,1,2,1,,0,2,1,0
26,Aster,lateriflorus,2,1,3,1,2,1,,0,2,1,0
26,Carya,sp.,2,1,2,1,1,1,1,1,1,1,0
26,Geum,canadense,2,1,2,1,2,1,2,1,2,1,0
26,Tilia,americana,1,1,1,1,,0,,0,,0,0
26,Poa,alsodes,2,1,2,1,2,1,2,1,,0,0
26,Fagus,grandifolia,2,1,4,1,4,1,6,1,5,1,0
26,Fraxinus,pennsylvanica,3,1,3,1,3,1,3,1,3,1,0
26,Leersia,virginica,2,1,2,1,2,1,2,1,,0,0
26,Toxicodendron,radicans,2,1,2,1,,0,,0,,0,0
26,Parthenocissus,quinquefolia,2,1,2,1,2,1,2,1,2,1,0
26,Euonymus,obovatus,2,1,2,1,2,1,2,1,2,1,0
26,Pilea,pumila,2,1,1,1,2,1,2,1,2,1,0
26,Carya,ovata,,0,4,1,,0,,0,,0,0
26,Sanguinaria,canadensis,2,1,1,1,1,1,,0,2,1,0
26,Polystichum,acrostichoides,3,1,2,1,2,1,2,1,3,1,0
26,Hepatica,acutiloba,2,1,2,1,2,1,2,1,2,1,0
26,Mitella,diphylla,3,1,3,1,2,1,2,1,2,1,0
26,Aster,cordifolius,2,1,2,1,,0,,0,,0,0
26,Ostrya,virginiana,1,1,1,1,,0,,0,1,1,0
26,Carya,cordiformis,2,1,1,1,2,1,,0,2,1,0
26,Arisaema,triphyllum,2,1,1,1,,0,1,1,,0,0
26,Viola,sp.,2,1,2,1,2,1,,0,,0,0
26,Crataegus,sp.,1,1,1,1,,0,,0,,0,0
26,Carex,sp.,2,1,2,1,,0,,0,2,1,0
26,Carex,sp.,3,1,2,1,,0,,0,,0,0
26,Ulmus,rubra,,0,3,1,2,1,4,1,,0,0
26,Adiantum,pedatum,1,1,,0,1,1,,0,,0,0
26,Maianthemum,racemosum,2,1,,0,2,1,2,1,2,1,0
26,Cornus,alternifolia,2,1,,0,2,1,,0,,0,0
26,Elymus,hystrix,2,1,,0,2,1,,0,2,1,0
26,Quercus,sp.,2,1,,0,1,1,1,1,1,1,0
26,Hamamelis,virginiana,1,1,,0,4,1,,0,,0,0
26,Prenanthes,sp.,2,1,,0,,0,2,1,,0,0
26,Dryopteris,goldiana,3,1,,0,,0,3,1,2,1,0
26,Ulmus,americana,,0,,0,,0,4,1,4,1,0
26,Hydrophyllum,virginianum,2,1,,0,,0,2,1,2,1,0
26,Galium,sp.,2,1,,0,,0,2,1,2,1,0
26,Anemonella,thalictroides,1,1,,0,,0,1,1,,0,0
26,Actaea,alba,1,1,,0,,0,,0,1,1,0
26,Viola,sp.,2,1,,0,,0,,0,2,1,0
26,Rubus,allegheniensis,2,1,,0,,0,,0,2,1,0
26,Ribes,cynosbati,2,1,,0,,0,2,1,2,1,0
26,Jeffersonia,diphylla,2,1,,0,,0,,0,2,1,0
26,Brachyelytrum,erectum,2,1,,0,,0,,0,2,1,0
26,Acer,rubrum,,0,,0,,0,,0,5,1,0
26,Cinna,arundinacea,2,1,,0,,0,,0,,0,1
26,Prosartes,lanuginosa,2,1,,0,,0,,0,,0,1
26,Caulophyllum,thalictroides,2,1,,0,,0,,0,,0,1
26,Prunus,serotina,,0,,0,,0,,0,,0,1
27,Sassafras,albidum,2,1,2,1,2,1,2,1,2,1,0
27,Acer,rubrum,,0,6,1,6,1,6,1,5,1,0
27,Smilax,rotundifolia,2,1,2,1,2,1,2,1,2,1,0
27,Moss,sp.,2,1,2,1,2,1,3,1,2,1,0
27,RHAMNUS,FRANGULA,2,1,1,1,1,1,2,1,2,1,0
27,Acer,sp.,2,1,2,1,2,1,2,1,2,1,0
27,Crataegus,sp.,2,1,,0,2,1,,0,1,1,0
27,Prunus,serotina,2,1,,0,2,1,6,1,2,1,0
27,Leersia,virginica,2,1,,0,2,1,,0,,0,0
27,Carex,digitalis,4,1,,0,2,1,5,1,2,1,0
27,FRAGARIA,VESCA,1,1,,0,1,1,,0,,0,0
27,Liriodendron,tulipifera,2,1,,0,1,1,2,1,2,1,0
27,Vitis,sp.,2,1,,0,2,1,2,1,2,1,0
27,Podophyllum,peltatum,2,1,,0,3,1,2,1,,0,0
27,Vaccinium,angustifolium,2,1,,0,2,1,,0,,0,0
27,Solidago,caesia,1,1,,0,,0,1,1,,0,0
27,Unknown,dicot,1,1,,0,,0,1,1,,0,0
27,Viola,sp.,1,1,,0,,0,1,1,,0,0
27,Viburnum,acerifolium,2,1,,0,,0,2,1,2,1,0
27,Danthonia,spicata,1,1,,0,,0,2,1,,0,0
27,Rubus,sp.,2,1,,0,,0,2,1,2,1,0
27,Quercus,sp.,1,1,,0,,0,1,1,1,1,0
27,Carex,sp.,1,1,,0,,0,1,1,,0,0
27,Carex,rosea,2,1,,0,,0,,0,2,1,0
27,Carex,sp.,2,1,,0,,0,,0,2,1,0
27,Polygonatum,biflorum,1,1,,0,,0,,0,1,1,0
27,Arisaema,triphyllum,1,1,,0,,0,,0,,0,1
27,Cornus,florida,,0,,0,,0,,0,,0,1
27,Geranium,maculatum,1,1,,0,,0,,0,,0,1
27,Prenanthes,sp.,1,1,,0,,0,,0,,0,1
27,Acer,saccharum,,0,,0,,0,,0,,0,1
27,Parthenocissus,quinquefolia,1,1,,0,,0,,0,,0,1
27,Carya,ovata,,0,,0,,0,,0,,0,1
27,Carex,swanii,1,1,,0,,0,,0,,0,1
28,Hamamelis,virginiana,2,1,8,1,6,1,5,1,8,1,0
28,Prenanthes,sp.,2,1,2,1,2,1,3,1,2,1,0
28,Fraxinus,sp.,3,1,3,1,2,1,3,1,3,1,0
28,Prunus,serotina,2,1,2,1,,0,,0,1,1,0
28,Carex,sp.,2,1,2,1,,0,,0,,0,0
28,Arisaema,triphyllum,2,1,2,1,2,1,2,1,2,1,0
28,Maianthemum,racemosum,2,1,2,1,2,1,1,1,,0,0
28,Carpinus,caroliniana,2,1,2,1,6,1,6,1,1,1,0
28,Moss,sp.,1,1,1,1,2,1,,0,,0,0
28,BERBERIS,THUNBERGII,1,1,1,1,,0,,0,,0,0
28,Leersia,virginica,2,1,1,1,5,1,2,1,2,1,0
28,Sassafras,albidum,2,1,2,1,2,1,2,1,,0,0
28,RHAMNUS,FRANGULA,2,1,2,1,2,1,2,1,1,1,0
28,ROSA,MULTIFLORA,2,1,2,1,2,1,,0,2,1,0
28,Parthenocissus,quinquefolia,2,1,2,1,,0,,0,,0,0
28,Pyrus,sp.,1,1,1,1,,0,1,1,,0,0
28,Carex,pensylvanica,2,1,2,1,2,1,2,1,,0,0
28,Acer,sp.,1,1,1,1,2,1,,0,1,1,0
28,Quercus,sp.,2,1,2,1,2,1,2,1,1,1,0
28,Amphicarpaea,bracteata,2,1,1,1,2,1,1,1,,0,0
28,Solidago,caesia,2,1,2,1,2,1,1,1,,0,0
28,Vitis,sp.,1,1,1,1,1,1,,0,,0,0
28,Crataegus,sp.,2,1,1,1,2,1,,0,,0,0
28,Viburnum,dentatum,1,1,1,1,,0,,0,,0,0
28,Acer,saccharum,,0,3,1,3,1,,0,,0,0
28,Acer,rubrum,,0,5,1,,0,5,1,6,1,0
28,Liriodendron,tulipifera,2,1,,0,2,1,2,1,,0,0
28,Polygonatum,biflorum,2,1,,0,2,1,,0,,0,0
28,Geranium,maculatum,1,1,,0,2,1,,0,,0,0
28,Carex,sp.,2,1,,0,2,1,,0,,0,0
28,Glyceria,striata,2,1,,0,2,1,2,1,,0,0
28,Nyssa,sylvatica,1,1,,0,1,1,,0,,0,0
28,Carex,sp.,2,1,,0,2,1,,0,,0,0
28,Smilax,rotundifolia,2,1,,0,2,1,,0,,0,0
28,Carex,swanii,2,1,,0,2,1,2,1,,0,0
28,Aster,lateriflorus,1,1,,0,2,1,,0,,0,0
28,Podophyllum,peltatum,2,1,,0,2,1,,0,,0,0
28,Collinsonia,canadensis,1,1,,0,1,1,,0,,0,0
28,Viola,sp.,1,1,,0,1,1,,0,,0,0
28,Robinia,pseudoacacia,1,1,,0,,0,1,1,1,1,0
28,Fagus,grandifolia,,0,,0,,0,5,1,4,1,0
28,Fraxinus,pennsylvanica,,0,,0,,0,3,1,,0,0
28,Tilia,americana,1,1,,0,,0,1,1,,0,0
28,Danthonia,spicata,2,1,,0,,0,2,1,,0,0
28,Poaceae,sp.,2,1,,0,,0,2,1,,0,0
28,Carex,sp.,2,1,,0,,0,,0,,0,1
28,Hedyotis,caerulea,1,1,,0,,0,,0,,0,1
28,Cornus,florida,,0,,0,,0,,0,,0,1
28,Aster,macrophyllus,2,1,,0,,0,,0,,0,1
28,Potentilla,simplex,2,1,,0,,0,,0,,0,1
28,Bidens,sp.,1,1,,0,,0,,0,,0,1
28,Phalaris,arundinacea,,0,,0,,0,,0,,0,1
28,Prunella,vulgaris,1,1,,0,,0,,0,,0,1
28,Polygonum,sp.,1,1,,0,,0,,0,,0,1
28,Anemonella,thalictroides,1,1,,0,,0,,0,,0,1
28,ALLIARIA,PETIOLATA,1,1,,0,,0,,0,,0,1
28,Impatiens,capensis,1,1,,0,,0,,0,,0,1
28,Quercus,rubra,,0,,0,3,1,2,1,,0,0
29,Smilax,rotundifolia,2,1,2,1,2,1,2,1,2,1,0
29,Fagus,grandifolia,,0,4,1,,0,,0,,0,0
29,Moss,sp.,2,1,2,1,2,1,2,1,2,1,0
29,Acer,rubrum,,0,5,1,3,1,6,1,7,1,0
29,Sassafras,albidum,2,1,4,1,1,1,2,1,2,1,0
29,Acer,sp.,2,1,1,1,1,1,2,1,2,1,0
29,Hamamelis,virginiana,3,1,,0,2,1,,0,,0,0
29,RHAMNUS,FRANGULA,2,1,,0,1,1,1,1,,0,0
29,Prunus,serotina,,0,,0,2,1,2,1,5,1,0
29,Amelanchier,sp.,2,1,,0,1,1,,0,4,1,0
29,Polygonatum,biflorum,1,1,,0,1,1,,0,,0,0
29,Cornus,florida,,0,,0,2,1,,0,,0,0
29,Polygonatum,pubescens,2,1,,0,,0,1,1,1,1,0
29,Viburnum,acerifolium,1,1,,0,,0,1,1,,0,0
29,Toxicodendron,radicans,1,1,,0,,0,2,1,,0,0
29,Solidago,caesia,1,1,,0,,0,1,1,,0,0
29,Carex,swanii,2,1,,0,,0,,0,2,1,0
29,POA,PRATENSIS,6,1,,0,,0,,0,2,1,0
29,Carex,amphibola,2,1,,0,,0,,0,2,1,0
29,FESTUCA,OVINA,2,1,,0,,0,,0,2,1,0
29,AGROSTIS,GIGANTEA,2,1,,0,,0,,0,2,1,0
29,Aster,sp.,1,1,,0,,0,,0,1,1,0
29,TARAXACUM,OFFICINALE,2,1,,0,,0,,0,1,1,0
29,Bidens,sp.,2,1,,0,,0,,0,1,1,0
29,EPIPACTIS,HELLEBORINE,1,1,,0,,0,,0,1,1,0
29,Parthenocissus,quinquefolia,1,1,,0,,0,,0,1,1,0
29,Erechtites,hieracifolia,2,1,,0,,0,,0,,0,1
29,Quercus,sp.,2,1,,0,,0,,0,,0,1
29,Rubus,allegheniensis,2,1,,0,,0,,0,,0,1
29,Potentilla,simplex,2,1,,0,,0,,0,,0,1
29,LOTUS,CORNICULATUS,2,1,,0,,0,,0,,0,1
29,MELILOTUS,OFFICINALIS,1,1,,0,,0,,0,,0,1
29,TRIFOLIUM,PRATENSE,2,1,,0,,0,,0,,0,1
29,Vitis,aestivalis,1,1,,0,,0,,0,,0,1
29,Leersia,virginica,2,1,,0,,0,,0,,0,1
29,Nyssa,sylvatica,1,1,,0,,0,,0,,0,1
29,Unknown,dicot,2,1,,0,,0,,0,,0,1
29,Aster,lateriflorus,1,1,,0,,0,,0,,0,1
29,HYPERICUM,PERFORATUM,1,1,,0,,0,,0,,0,1
29,ECHINOCHLOA,CRUSGALLI,1,1,,0,,0,,0,,0,1
29,DAUCUS,CAROTA,1,1,,0,,0,,0,,0,1
